,Home Team,Away Team,GAME_DATE,GAME_ID
2,LAL,BOS,2021-12-07,0022100365
4,SAS,NYK,2021-12-07,0022100364
10,DAL,BKN,2021-12-07,0022100363
14,CHI,DEN,2021-12-06,0022100357
16,MIL,CLE,2021-12-06,0022100358
18,DET,OKC,2021-12-06,0022100354
19,IND,WAS,2021-12-06,0022100355
20,MIN,ATL,2021-12-06,0022100359
22,MIA,MEM,2021-12-06,0022100356
24,CHA,PHI,2021-12-06,0022100353
29,PHX,SAS,2021-12-06,0022100360
32,GSW,ORL,2021-12-06,0022100361
34,POR,LAC,2021-12-06,0022100362
40,HOU,NOP,2021-12-05,0022100352
41,TOR,WAS,2021-12-05,0022100351
43,ATL,CHA,2021-12-05,0022100350
50,CLE,UTA,2021-12-05,0022100349
54,DAL,MEM,2021-12-04,0022100345
58,GSW,SAS,2021-12-04,0022100346
62,MIL,MIA,2021-12-04,0022100344
64,BKN,CHI,2021-12-04,0022100343
67,NYK,DEN,2021-12-04,0022100342
72,POR,BOS,2021-12-04,0022100347
74,SAC,LAC,2021-12-04,0022100348
78,WAS,CLE,2021-12-03,0022100334
82,IND,MIA,2021-12-03,0022100333
88,BKN,MIN,2021-12-03,0022100336
90,ATL,PHI,2021-12-03,0022100335
91,GSW,PHX,2021-12-03,0022100340
95,LAL,LAC,2021-12-03,0022100341
101,UTA,BOS,2021-12-03,0022100339
103,DAL,NOP,2021-12-03,0022100338
108,HOU,ORL,2021-12-03,0022100337
110,MEM,OKC,2021-12-02,0022100330
111,TOR,MIL,2021-12-02,0022100329
113,NYK,CHI,2021-12-02,0022100328
117,POR,SAS,2021-12-02,0022100332
119,PHX,DET,2021-12-02,0022100331
124,LAC,SAC,2021-12-01,0022100327
125,BOS,PHI,2021-12-01,0022100322
130,IND,ATL,2021-12-01,0022100319
131,MIL,CHA,2021-12-01,0022100324
133,OKC,HOU,2021-12-01,0022100326
137,NOP,DAL,2021-12-01,0022100325
139,MIA,CLE,2021-12-01,0022100323
142,ORL,DEN,2021-12-01,0022100320
144,WAS,MIN,2021-12-01,0022100321
146,BKN,NYK,2021-11-30,0022100314
147,SAC,LAL,2021-11-30,0022100318
149,POR,DET,2021-11-30,0022100317
152,TOR,MEM,2021-11-30,0022100315
154,PHX,GSW,2021-11-30,0022100316
158,PHI,ORL,2021-11-29,0022100305
160,MIA,DEN,2021-11-29,0022100306
161,HOU,OKC,2021-11-29,0022100308
163,CHI,CHA,2021-11-29,0022100307
167,MIN,IND,2021-11-29,0022100309
169,DAL,CLE,2021-11-29,0022100310
171,SAS,WAS,2021-11-29,0022100311
173,UTA,POR,2021-11-29,0022100312
178,LAC,NOP,2021-11-29,0022100313
187,LAL,DET,2021-11-28,0022100304
189,TOR,BOS,2021-11-28,0022100302
191,MEM,SAC,2021-11-28,0022100303
197,IND,MIL,2021-11-28,0022100301
199,LAC,GSW,2021-11-28,0022100300
206,BKN,PHX,2021-11-27,0022100294
207,CLE,ORL,2021-11-27,0022100295
210,UTA,NOP,2021-11-27,0022100299
213,CHI,MIA,2021-11-27,0022100296
216,DAL,WAS,2021-11-27,0022100298
219,HOU,CHA,2021-11-27,0022100297
227,PHI,MIN,2021-11-27,0022100292
229,ATL,NYK,2021-11-27,0022100293
235,OKC,WAS,2021-11-26,0022100286
237,IND,TOR,2021-11-26,0022100284
239,MEM,ATL,2021-11-26,0022100285
241,ORL,CHI,2021-11-26,0022100283
243,NYK,PHX,2021-11-26,0022100282
244,LAC,DET,2021-11-26,0022100280
247,CHA,MIN,2021-11-26,0022100281
250,UTA,NOP,2021-11-26,0022100289
253,GSW,POR,2021-11-26,0022100290
255,LAL,SAC,2021-11-26,0022100291
257,DEN,MIL,2021-11-26,0022100288
265,SAS,BOS,2021-11-26,0022100287
268,OKC,UTA,2021-11-24,0022100276
269,MIL,DET,2021-11-24,0022100273
272,CLE,PHX,2021-11-24,0022100267
274,ORL,CHA,2021-11-24,0022100269
275,BOS,BKN,2021-11-24,0022100270
276,IND,LAL,2021-11-24,0022100268
282,MIN,MIA,2021-11-24,0022100274
283,MEM,TOR,2021-11-24,0022100272
285,SAS,ATL,2021-11-24,0022100277
287,NOP,WAS,2021-11-24,0022100275
288,GSW,PHI,2021-11-24,0022100278
290,SAC,POR,2021-11-24,0022100279
296,HOU,CHI,2021-11-24,0022100271
298,NYK,LAL,2021-11-23,0022100264
299,DET,MIA,2021-11-23,0022100263
306,LAC,DAL,2021-11-23,0022100266
308,POR,DEN,2021-11-23,0022100265
314,BOS,HOU,2021-11-22,0022100256
316,CLE,BKN,2021-11-22,0022100253
318,ATL,OKC,2021-11-22,0022100255
319,CHI,IND,2021-11-22,0022100257
322,WAS,CHA,2021-11-22,0022100254
323,MIL,ORL,2021-11-22,0022100258
327,SAS,PHX,2021-11-22,0022100260
328,NOP,MIN,2021-11-22,0022100259
330,SAC,PHI,2021-11-22,0022100262
333,UTA,MEM,2021-11-22,0022100261
336,DET,LAL,2021-11-21,0022100249
337,LAC,DAL,2021-11-21,0022100248
347,PHX,DEN,2021-11-21,0022100251
349,CHI,NYK,2021-11-21,0022100250
351,GSW,TOR,2021-11-21,0022100252
358,SAC,UTA,2021-11-20,0022100247
359,WAS,MIA,2021-11-20,0022100241
361,IND,NOP,2021-11-20,0022100240
363,BOS,OKC,2021-11-20,0022100243
366,ATL,CHA,2021-11-20,0022100242
369,NYK,HOU,2021-11-20,0022100239
371,POR,PHI,2021-11-20,0022100246
373,MIN,MEM,2021-11-20,0022100245
375,MIL,ORL,2021-11-20,0022100244
381,MIL,OKC,2021-11-19,0022100234
387,SAC,TOR,2021-11-19,0022100238
391,PHX,DAL,2021-11-19,0022100237
393,DEN,CHI,2021-11-19,0022100236
396,BOS,LAL,2021-11-19,0022100232
398,NOP,LAC,2021-11-19,0022100235
400,BKN,ORL,2021-11-19,0022100233
402,CHA,IND,2021-11-19,0022100230
404,DET,GSW,2021-11-19,0022100231
410,UTA,TOR,2021-11-18,0022100229
412,DEN,PHI,2021-11-18,0022100228
420,MIN,SAS,2021-11-18,0022100227
422,MEM,LAC,2021-11-18,0022100226
425,CLE,GSW,2021-11-18,0022100224
428,MIA,WAS,2021-11-18,0022100225
432,BKN,CLE,2021-11-17,0022100216
433,CHA,WAS,2021-11-17,0022100213
434,ATL,BOS,2021-11-17,0022100215
439,MIN,SAC,2021-11-17,0022100220
442,OKC,HOU,2021-11-17,0022100221
447,MIL,LAL,2021-11-17,0022100219
449,DET,IND,2021-11-17,0022100214
450,MIA,NOP,2021-11-17,0022100217
456,NYK,ORL,2021-11-17,0022100218
458,POR,CHI,2021-11-17,0022100223
460,PHX,DAL,2021-11-17,0022100222
468,BKN,GSW,2021-11-16,0022100210
469,UTA,PHI,2021-11-16,0022100211
471,LAC,SAS,2021-11-16,0022100212
476,DET,SAC,2021-11-15,0022100200
477,DAL,DEN,2021-11-15,0022100204
478,CLE,BOS,2021-11-15,0022100199
482,LAL,CHI,2021-11-15,0022100209
483,OKC,MIA,2021-11-15,0022100207
484,MIN,PHX,2021-11-15,0022100206
485,NYK,IND,2021-11-15,0022100203
489,MEM,HOU,2021-11-15,0022100205
490,ATL,ORL,2021-11-15,0022100202
493,WAS,NOP,2021-11-15,0022100201
496,POR,TOR,2021-11-15,0022100208
503,LAC,CHI,2021-11-14,0022100198
506,DEN,POR,2021-11-14,0022100197
510,CHA,GSW,2021-11-14,0022100194
512,LAL,SAS,2021-11-14,0022100192
515,HOU,PHX,2021-11-14,0022100195
518,OKC,BKN,2021-11-14,0022100196
521,ATL,MIL,2021-11-14,0022100193
524,LAC,MIN,2021-11-13,0022100191
526,UTA,MIA,2021-11-13,0022100185
531,ORL,WAS,2021-11-13,0022100187
533,NOP,MEM,2021-11-13,0022100188
536,IND,PHI,2021-11-13,0022100186
540,CLE,BOS,2021-11-13,0022100190
542,TOR,DET,2021-11-13,0022100189
547,CLE,DET,2021-11-12,0022100176
550,BOS,MIL,2021-11-12,0022100175
552,MEM,PHX,2021-11-12,0022100178
554,OKC,SAC,2021-11-12,0022100180
556,NOP,BKN,2021-11-12,0022100179
559,HOU,POR,2021-11-12,0022100177
565,SAS,DAL,2021-11-12,0022100181
568,DEN,ATL,2021-11-12,0022100182
571,CHA,NYK,2021-11-12,0022100174
573,GSW,CHI,2021-11-12,0022100183
575,LAL,MIN,2021-11-12,0022100184
580,UTA,IND,2021-11-11,0022100172
582,LAC,MIA,2021-11-11,0022100173
592,PHI,TOR,2021-11-11,0022100171
598,NOP,OKC,2021-11-10,0022100165
599,SAS,SAC,2021-11-10,0022100166
600,BOS,TOR,2021-11-10,0022100160
603,CLE,WAS,2021-11-10,0022100158
605,ORL,BKN,2021-11-10,0022100159
608,LAL,MIA,2021-11-10,0022100170
611,GSW,MIN,2021-11-10,0022100169
613,DEN,IND,2021-11-10,0022100167
618,MEM,CHA,2021-11-10,0022100164
619,NYK,MIL,2021-11-10,0022100161
620,CHI,DAL,2021-11-10,0022100163
623,HOU,DET,2021-11-10,0022100162
628,PHX,POR,2021-11-10,0022100168
631,UTA,ATL,2021-11-09,0022100156
634,LAC,POR,2021-11-09,0022100157
636,PHI,MIL,2021-11-09,0022100155
638,CHI,BKN,2021-11-08,0022100148
640,DAL,NOP,2021-11-08,0022100150
641,MEM,MIN,2021-11-08,0022100149
643,DEN,MIA,2021-11-08,0022100151
648,GSW,ATL,2021-11-08,0022100152
650,SAC,PHX,2021-11-08,0022100153
652,PHI,NYK,2021-11-08,0022100147
655,LAL,CHA,2021-11-08,0022100154
658,SAC,IND,2021-11-07,0022100143
662,OKC,SAS,2021-11-07,0022100144
665,LAC,CHA,2021-11-07,0022100146
667,GSW,HOU,2021-11-07,0022100145
669,WAS,MIL,2021-11-07,0022100142
671,ORL,UTA,2021-11-07,0022100141
673,NYK,CLE,2021-11-07,0022100140
675,TOR,BKN,2021-11-07,0022100139
683,CHI,PHI,2021-11-06,0022100135
685,POR,LAL,2021-11-06,0022100138
687,PHX,ATL,2021-11-06,0022100137
688,DEN,HOU,2021-11-06,0022100133
696,MIA,UTA,2021-11-06,0022100134
697,DAL,BOS,2021-11-06,0022100136
710,TOR,CLE,2021-11-05,0022100127
713,MIL,NYK,2021-11-05,0022100128
716,DET,BKN,2021-11-05,0022100124
718,WAS,MEM,2021-11-05,0022100126
720,ORL,SAS,2021-11-05,0022100125
732,GSW,NOP,2021-11-05,0022100130
734,SAC,CHA,2021-11-05,0022100132
736,POR,IND,2021-11-05,0022100131
742,MIN,LAC,2021-11-05,0022100129
746,DET,PHI,2021-11-04,0022100119
748,ATL,UTA,2021-11-04,0022100120
750,MIA,BOS,2021-11-04,0022100121
752,PHX,HOU,2021-11-04,0022100122
754,LAL,OKC,2021-11-04,0022100123
756,IND,NYK,2021-11-03,0022100109
758,GSW,CHA,2021-11-03,0022100117
762,SAS,DAL,2021-11-03,0022100116
763,BKN,ATL,2021-11-03,0022100113
764,WAS,TOR,2021-11-03,0022100112
766,SAC,NOP,2021-11-03,0022100118
768,MIN,LAC,2021-11-03,0022100115
769,PHI,CHI,2021-11-03,0022100111
772,MEM,DEN,2021-11-03,0022100114
774,CLE,POR,2021-11-03,0022100108
777,ORL,BOS,2021-11-03,0022100110
780,UTA,SAC,2021-11-02,0022100105
781,PHX,NOP,2021-11-02,0022100106
782,DET,MIL,2021-11-02,0022100103
784,LAL,HOU,2021-11-02,0022100107
786,DAL,MIA,2021-11-02,0022100104
790,MIN,ORL,2021-11-01,0022100101
791,LAC,OKC,2021-11-01,0022100102
794,IND,SAS,2021-11-01,0022100095
795,ATL,WAS,2021-11-01,0022100097
797,BOS,CHI,2021-11-01,0022100098
798,MEM,DEN,2021-11-01,0022100100
801,NYK,TOR,2021-11-01,0022100099
802,CHA,CLE,2021-11-01,0022100094
805,PHI,POR,2021-11-01,0022100096
808,BKN,DET,2021-10-31,0022100092
809,MIL,UTA,2021-10-31,0022100091
811,DAL,SAC,2021-10-31,0022100089
812,CHA,POR,2021-10-31,0022100090
813,LAL,HOU,2021-10-31,0022100093
820,CHI,UTA,2021-10-30,0022100083
821,GSW,OKC,2021-10-30,0022100086
823,MIN,DEN,2021-10-30,0022100087
825,PHX,CLE,2021-10-30,0022100088
829,WAS,BOS,2021-10-30,0022100078
831,DET,ORL,2021-10-30,0022100079
833,NOP,NYK,2021-10-30,0022100080
835,IND,TOR,2021-10-30,0022100081
837,PHI,ATL,2021-10-30,0022100082
839,MEM,MIA,2021-10-30,0022100084
841,MIL,SAS,2021-10-30,0022100085
844,TOR,ORL,2021-10-29,0022100071
845,DEN,DAL,2021-10-29,0022100075
846,LAL,CLE,2021-10-29,0022100077
850,MIA,CHA,2021-10-29,0022100073
852,BKN,IND,2021-10-29,0022100072
859,POR,LAC,2021-10-29,0022100076
862,NOP,SAC,2021-10-29,0022100074
864,DAL,SAS,2021-10-28,0022100069
865,GSW,MEM,2021-10-28,0022100070
866,HOU,UTA,2021-10-28,0022100068
867,PHI,DET,2021-10-28,0022100065
869,WAS,ATL,2021-10-28,0022100066
871,CHI,NYK,2021-10-28,0022100067
876,NOP,ATL,2021-10-27,0022100059
877,LAC,CLE,2021-10-27,0022100064
879,OKC,LAL,2021-10-27,0022100061
882,BKN,MIA,2021-10-27,0022100057
883,POR,MEM,2021-10-27,0022100063
884,ORL,CHA,2021-10-27,0022100055
885,PHX,SAC,2021-10-27,0022100062
887,BOS,WAS,2021-10-27,0022100056
888,MIL,MIN,2021-10-27,0022100060
891,TOR,IND,2021-10-27,0022100058
896,UTA,DEN,2021-10-26,0022100054
897,OKC,GSW,2021-10-26,0022100051
899,SAS,LAL,2021-10-26,0022100053
902,NYK,PHI,2021-10-26,0022100050
904,DAL,HOU,2021-10-26,0022100052
906,BKN,WAS,2021-10-25,0022100044
908,MIA,ORL,2021-10-25,0022100045
909,CHA,BOS,2021-10-25,0022100041
911,TOR,CHI,2021-10-25,0022100046
913,MIN,NOP,2021-10-25,0022100047
915,DEN,CLE,2021-10-25,0022100048
917,LAC,POR,2021-10-25,0022100049
919,IND,MIL,2021-10-25,0022100042
921,ATL,DET,2021-10-25,0022100043
924,HOU,BOS,2021-10-24,0022100037
926,BKN,CHA,2021-10-24,0022100035
928,OKC,PHI,2021-10-24,0022100038
929,SAC,GSW,2021-10-24,0022100039
932,NYK,ORL,2021-10-24,0022100036
933,LAL,MEM,2021-10-24,0022100040
936,TOR,DAL,2021-10-23,0022100029
937,MIN,NOP,2021-10-23,0022100031
938,CLE,ATL,2021-10-23,0022100027
939,IND,MIA,2021-10-23,0022100028
941,LAC,MEM,2021-10-23,0022100034
943,POR,PHX,2021-10-23,0022100033
945,SAS,MIL,2021-10-23,0022100032
949,CHI,DET,2021-10-23,0022100030
952,PHI,BKN,2021-10-22,0022100021
953,LAL,PHX,2021-10-22,0022100025
954,DEN,SAS,2021-10-22,0022100024
956,HOU,OKC,2021-10-22,0022100023
959,SAC,UTA,2021-10-22,0022100026
960,BOS,TOR,2021-10-22,0022100020
961,CHI,NOP,2021-10-22,0022100022
963,WAS,IND,2021-10-22,0022100019
967,ORL,NYK,2021-10-22,0022100018
970,CLE,CHA,2021-10-22,0022100017
972,ATL,DAL,2021-10-21,0022100014
974,GSW,LAC,2021-10-21,0022100016
975,MIA,MIL,2021-10-21,0022100015
978,UTA,OKC,2021-10-20,0022100011
980,SAS,ORL,2021-10-20,0022100010
981,POR,SAC,2021-10-20,0022100013
983,MEM,CLE,2021-10-20,0022100007
985,NOP,PHI,2021-10-20,0022100009
986,PHX,DEN,2021-10-20,0022100012
990,TOR,WAS,2021-10-20,0022100006
992,CHA,IND,2021-10-20,0022100003
993,DET,CHI,2021-10-20,0022100004
996,NYK,BOS,2021-10-20,0022100005
997,MIN,HOU,2021-10-20,0022100008
1000,LAL,GSW,2021-10-19,0022100002
1002,MIL,BKN,2021-10-19,0022100001
1004,CHI,PHO,2021-10-17,1042100404
1006,MIA,BOS,2021-10-15,0012100059
1007,NYK,WAS,2021-10-15,0012100062
1010,IND,CLE,2021-10-15,0012100061
1012,MIL,DAL,2021-10-15,0012100064
1014,DET,PHI,2021-10-15,0012100060
1016,CHI,MEM,2021-10-15,0012100063
1018,GSW,POR,2021-10-15,0012100066
1020,CHI,PHO,2021-10-15,1042100403
1021,SAS,HOU,2021-10-15,0012100065
1024,SAC,LAL,2021-10-14,0012100058
1026,OKC,DEN,2021-10-14,0012100057
1028,BKN,MIN,2021-10-14,0012100056
1030,ATL,MIA,2021-10-14,0012100055
1034,UTA,MIL,2021-10-13,0012100053
1035,ORL,BOS,2021-10-13,0012100050
1037,CHA,DAL,2021-10-13,0012100048
1038,OKC,DEN,2021-10-13,0012100052
1040,NYK,DET,2021-10-13,0012100051
1042,PHX,POR,2021-10-13,0012100054
1045,IND,MEM,2021-10-13,0012100049
1048,LAL,GSW,2021-10-12,0012100047
1050,WAS,TOR,2021-10-12,0012100046
1052,TOR,HOU,2021-10-11,0012100039
1054,MIA,CHA,2021-10-11,0012100040
1056,PHI,BKN,2021-10-11,0012100041
1058,LAC,MIN,2021-10-11,0012100045
1060,MEM,DET,2021-10-11,0012100042
1062,UTA,NOP,2021-10-11,0012100043
1064,POR,SAC,2021-10-11,0012100044
1066,CLE,CHI,2021-10-10,0012100036
1067,ORL,SAS,2021-10-10,0012100035
1069,MIL,OKC,2021-10-10,0012100037
1071,LAL,PHX,2021-10-10,0012100038
1076,WAS,NYK,2021-10-09,0012100033
1077,MEM,ATL,2021-10-09,0012100034
1079,BOS,TOR,2021-10-09,0012100032
1082,BKN,MIL,2021-10-08,0012100026
1083,SAS,MIA,2021-10-08,0012100029
1085,GSW,LAL,2021-10-08,0012100031
1086,CHI,NOP,2021-10-08,0012100027
1089,DAL,LAC,2021-10-08,0012100028
1092,DEN,MIN,2021-10-08,0012100030
1096,CLE,IND,2021-10-08,0012100025
1098,PHI,TOR,2021-10-07,0012100023
1100,CHA,MEM,2021-10-07,0012100022
1101,HOU,MIA,2021-10-07,0012100024
1104,DET,SAS,2021-10-06,0012100015
1105,ATL,CLE,2021-10-06,0012100016
1107,PHX,LAL,2021-10-06,0012100020
1110,LAC,SAC,2021-10-06,0012100021
1112,GSW,DEN,2021-10-06,0012100019
1115,DAL,UTA,2021-10-06,0012100018
1117,NOP,ORL,2021-10-06,0012100017
1119,CHI,CON,2021-10-06,1042100304
1122,CHI,CLE,2021-10-05,0012100012
1123,MEM,MIL,2021-10-05,0012100014
1124,NYK,IND,2021-10-05,0012100011
1127,HOU,WAS,2021-10-05,0012100013
1130,OKC,CHA,2021-10-04,0012100006
1131,MIA,ATL,2021-10-04,0012100004
1133,BOS,ORL,2021-10-04,0012100003
1136,LAC,DEN,2021-10-04,0012100010
1137,MIN,NOP,2021-10-04,0012100005
1139,SAS,UTA,2021-10-04,0012100007
1140,TOR,PHI,2021-10-04,0012100002
1143,SAC,PHX,2021-10-04,0012100009
1145,POR,GSW,2021-10-04,0012100008
1148,LAL,BKN,2021-10-03,0012100001
1152,CHI,CON,2021-10-03,1042100303
1162,MIN,CHI,2021-09-26,1042100201
1166,CHI,DAL,2021-09-23,1042100111
1172,WAS,MIN,2021-09-19,1022100190
1174,DAL,LAS,2021-09-19,1022100191
1175,CHI,IND,2021-09-19,1022100192
1180,IND,MIN,2021-09-17,1022100184
1185,CHI,LVA,2021-09-17,1022100186
1188,ATL,LAS,2021-09-16,1022100183
1192,ATL,IND,2021-09-14,1022100181
1196,MIN,IND,2021-09-12,1022100178
1199,CHI,WAS,2021-09-12,1022100177
1204,DAL,NYL,2021-09-11,1022100175
1206,MIN,IND,2021-09-10,1022100174
1208,WAS,ATL,2021-09-10,1022100173
1213,ATL,PHO,2021-09-08,1022100170
1217,DAL,CON,2021-09-07,1022100168
1220,IND,PHO,2021-09-06,1022100167
1222,DAL,ATL,2021-09-05,1022100166
1223,CHI,LVA,2021-09-05,1022100165
1226,IND,PHO,2021-09-04,1022100163
1227,MIN,WAS,2021-09-04,1022100164
1237,DAL,ATL,2021-09-02,1022100159
1240,MIN,LAS,2021-09-02,1022100160
1244,MIN,NYL,2021-08-31,1022100157
1245,WAS,CON,2021-08-31,1022100156
1246,IND,LAS,2021-08-31,1022100155
1254,WAS,DAL,2021-08-28,1022100153
1257,IND,LVA,2021-08-28,1022100151
1293,ATL,LVA,2021-08-26,1022100146
1298,WAS,DAL,2021-08-26,1022100148
1318,ATL,CHI,2021-08-24,1022100142
1321,WAS,LAS,2021-08-24,1022100144
1323,MIN,SEA,2021-08-24,1022100141
1326,WAS,SEA,2021-08-22,1022100140
1330,CHI,MIN,2021-08-21,1022100138
1333,ATL,PHO,2021-08-21,1022100137
1363,DAL,IND,2021-08-20,1022100136
1408,PHI,UTA,2021-08-17,1522100070
1409,TOR,BKN,2021-08-17,1522100072
1410,BOS,SAC,2021-08-17,1522100075
1411,MIN,NOP,2021-08-17,1522100074
1412,CHI,DAL,2021-08-17,1022100127
1413,GSW,LAL,2021-08-17,1522100073
1414,MIA,DAL,2021-08-17,1522100069
1415,POR,HOU,2021-08-17,1522100071
1432,WAS,IND,2021-08-16,1522100061
1433,NYK,ATL,2021-08-16,1522100065
1434,CHI,CHA,2021-08-16,1522100068
1435,LAC,MEM,2021-08-16,1522100067
1436,ORL,DET,2021-08-16,1522100066
1440,DEN,MIL,2021-08-16,1522100062
1441,PHX,CLE,2021-08-16,1522100064
1442,OKC,SAS,2021-08-16,1522100063
1448,CHI,SEA,2021-08-15,1022100120
1449,SAC,DAL,2021-08-15,1522100053
1450,CHI,MEM,2021-08-15,1522100060
1451,SAS,BKN,2021-08-15,1522100056
1454,DAL,CON,2021-08-15,1022100121
1456,PHI,MIN,2021-08-15,1522100057
1457,WAS,MIL,2021-08-15,1522100054
1458,NOP,GSW,2021-08-15,1522100059
1459,HOU,ORL,2021-08-15,1522100058
1461,MIN,NYL,2021-08-15,1022100124
1466,LAC,UTA,2021-08-15,1522100055
1479,BOS,PHI,2021-08-14,1522100047
1481,TOR,CHA,2021-08-14,1522100049
1484,DAL,DEN,2021-08-14,1522100045
1485,LAL,DET,2021-08-14,1522100052
1486,NYK,CLE,2021-08-14,1522100050
1490,PHX,POR,2021-08-14,1522100051
1496,MIA,ATL,2021-08-14,1522100046
1504,OKC,IND,2021-08-14,1522100048
1508,SAC,MEM,2021-08-13,1522100043
1509,DET,NYK,2021-08-13,1522100042
1511,OKC,GSW,2021-08-13,1522100041
1512,UTA,MIA,2021-08-13,1522100039
1515,MIL,MIN,2021-08-13,1522100038
1522,CLE,NOP,2021-08-13,1522100040
1532,LAC,LAL,2021-08-13,1522100044
1538,DEN,PHX,2021-08-12,1522100037
1540,BOS,ORL,2021-08-12,1522100034
1541,ATL,PHI,2021-08-12,1522100036
1543,POR,IND,2021-08-12,1522100033
1548,TOR,HOU,2021-08-12,1522100035
1552,CHA,SAS,2021-08-12,1522100030
1557,MIN,CHI,2021-08-12,1522100031
1560,BKN,WAS,2021-08-12,1522100032
1570,LAL,NYK,2021-08-11,1522100029
1571,MEM,MIA,2021-08-11,1522100024
1572,BKN,MIL,2021-08-11,1522100023
1573,GSW,TOR,2021-08-11,1522100027
1580,NOP,OKC,2021-08-11,1522100026
1582,ORL,CLE,2021-08-11,1522100025
1586,DAL,UTA,2021-08-11,1522100028
1600,SAS,CHI,2021-08-10,1522100019
1601,POR,LAC,2021-08-10,1522100022
1603,IND,ATL,2021-08-10,1522100017
1604,WAS,SAC,2021-08-10,1522100021
1605,DEN,BOS,2021-08-10,1522100018
1606,HOU,DET,2021-08-10,1522100020
1613,IND,NYK,2021-08-09,1522100076
1614,MEM,BKN,2021-08-09,1522100011
1615,PHI,DAL,2021-08-09,1522100010
1616,SAC,CHA,2021-08-09,1522100012
1617,UTA,PHX,2021-08-09,1522100016
1619,CHI,NOP,2021-08-09,1522100009
1620,MIL,LAC,2021-08-09,1522100015
1621,GSW,ORL,2021-08-09,1522100014
1623,MIN,SAS,2021-08-09,1522100013
1631,CHA,POR,2021-08-08,1522100003
1632,DET,OKC,2021-08-08,1522100006
1634,ATL,BOS,2021-08-08,1522100001
1635,NYK,TOR,2021-08-08,1522100002
1636,MIA,DEN,2021-08-08,1522100007
1640,PHX,LAL,2021-08-08,1522100008
1641,CLE,HOU,2021-08-08,1522100004
1670,MEM,SAS,2021-08-06,1622100005
1700,GSW,MIA,2021-08-04,1322100003
1702,SAC,LAL,2021-08-04,1322100004
1719,SAC,GSW,2021-08-03,1322100002
1722,MIA,LAL,2021-08-03,1322100001
1847,MIL,PHX,2021-07-20,0042000406
1855,PHX,MIL,2021-07-17,0042000405
1925,MIL,PHX,2021-07-14,0042000404
1965,ATL,IND,2021-07-11,1022100117
1967,DAL,LVA,2021-07-11,1022100115
1971,MIL,PHX,2021-07-11,0042000403
1977,CHI,WAS,2021-07-10,1022100114
1999,IND,NYL,2021-07-09,1022100111
2022,PHX,MIL,2021-07-08,0042000402
2058,MIN,DAL,2021-07-07,1022100107
2061,PHX,MIL,2021-07-06,0042000401
2070,IND,CON,2021-07-03,1022100102
2073,ATL,MIL,2021-07-03,0042000306
2079,DAL,CHI,2021-07-02,1022100098
2083,IND,CON,2021-07-01,1022100097
2084,MIL,ATL,2021-07-01,0042000305
2087,DAL,CHI,2021-06-30,1022100094
2090,LAC,PHX,2021-06-30,0042000316
2095,ATL,MIL,2021-06-29,0042000304
2096,ATL,NYL,2021-06-29,1022100092
2097,WAS,CON,2021-06-29,1022100093
2101,PHX,LAC,2021-06-28,0042000315
2104,ATL,MIL,2021-06-27,0042000303
2112,LAC,PHX,2021-06-26,0042000314
2114,DAL,WAS,2021-06-26,1022100087
2115,ATL,NYL,2021-06-26,1022100088
2134,MIL,ATL,2021-06-25,0042000302
2144,MIN,LVA,2021-06-25,1022100086
2167,IND,DAL,2021-06-24,1022100083
2172,LAC,PHX,2021-06-24,0042000313
2191,ATL,MIN,2021-06-23,1022100082
2196,MIL,ATL,2021-06-23,0042000301
2213,PHX,LAC,2021-06-22,0042000312
2218,PHX,LAC,2021-06-20,0042000311
2219,PHI,ATL,2021-06-20,0042000207
2223,DAL,MIN,2021-06-19,1022100077
2235,WAS,IND,2021-06-19,1022100076
2238,CHI,CON,2021-06-19,1022100075
2244,BKN,MIL,2021-06-19,0042000217
2247,ATL,PHI,2021-06-18,0042000206
2253,LAC,UTA,2021-06-18,0042000226
2275,MIL,BKN,2021-06-17,0042000216
2278,CHI,CON,2021-06-17,1022100071
2279,IND,SEA,2021-06-17,1022100069
2284,WAS,ATL,2021-06-17,1022100070
2289,DAL,MIN,2021-06-17,1022100072
2297,PHI,ATL,2021-06-16,0042000205
2300,UTA,LAC,2021-06-16,0042000225
2320,BKN,MIL,2021-06-15,0042000215
2321,MIN,CHI,2021-06-15,1022100066
2324,IND,SEA,2021-06-15,1022100065
2327,ATL,PHI,2021-06-14,0042000204
2328,LAC,UTA,2021-06-14,0042000224
2331,DEN,PHX,2021-06-13,0042000234
2333,MIL,BKN,2021-06-13,0042000214
2337,ATL,WAS,2021-06-13,1022100062
2343,LAC,UTA,2021-06-12,0042000223
2352,IND,CHI,2021-06-12,1022100059
2353,MIN,LAS,2021-06-12,1022100060
2365,DEN,PHX,2021-06-11,0042000233
2366,ATL,SEA,2021-06-11,1022100057
2379,ATL,PHI,2021-06-11,0042000203
2389,UTA,LAC,2021-06-10,0042000222
2390,MIL,BKN,2021-06-10,0042000213
2403,WAS,LAS,2021-06-10,1022100056
2414,ATL,SEA,2021-06-09,1022100053
2416,PHX,DEN,2021-06-09,0042000232
2425,CHI,IND,2021-06-09,1022100054
2433,PHI,ATL,2021-06-08,0042000202
2434,WAS,MIN,2021-06-08,1022100052
2438,UTA,LAC,2021-06-08,0042000221
2441,PHX,DEN,2021-06-07,0042000231
2442,BKN,MIL,2021-06-07,0042000212
2445,LAC,DAL,2021-06-06,0042000177
2446,PHI,ATL,2021-06-06,0042000201
2451,MIN,ATL,2021-06-06,1022100050
2461,WAS,LVA,2021-06-05,1022100047
2465,BKN,MIL,2021-06-05,0042000211
2477,DAL,LAC,2021-06-04,0042000176
2482,MIN,ATL,2021-06-04,1022100045
2500,LAL,PHX,2021-06-03,0042000156
2501,POR,DEN,2021-06-03,0042000166
2525,LAC,DAL,2021-06-02,0042000175
2526,NYK,ATL,2021-06-02,0042000135
2527,PHI,WAS,2021-06-02,0042000105
2528,UTA,MEM,2021-06-02,0042000145
2551,BKN,BOS,2021-06-01,0042000115
2552,CHI,PHO,2021-06-01,1022100039
2553,PHX,LAL,2021-06-01,0042000155
2554,DAL,LAS,2021-06-01,1022100040
2556,DEN,POR,2021-06-01,0042000165
2563,MEM,UTA,2021-05-31,0042000144
2564,WAS,PHI,2021-05-31,0042000104
2567,DAL,LAC,2021-05-30,0042000174
2568,BOS,BKN,2021-05-30,0042000114
2570,CHI,LAS,2021-05-30,1022100035
2571,MIN,CON,2021-05-30,1022100037
2573,ATL,NYK,2021-05-30,0042000134
2576,LAL,PHX,2021-05-30,0042000154
2581,MEM,UTA,2021-05-29,0042000143
2582,MIA,MIL,2021-05-29,0042000124
2587,WAS,PHI,2021-05-29,0042000103
2598,POR,DEN,2021-05-29,0042000164
2601,DAL,PHO,2021-05-29,1022100034
2615,ATL,NYK,2021-05-28,0042000133
2616,DAL,LAC,2021-05-28,0042000173
2621,CHI,LAS,2021-05-28,1022100030
2637,BOS,BKN,2021-05-28,0042000113
2639,POR,DEN,2021-05-27,0042000163
2640,LAL,PHX,2021-05-27,0042000153
2643,MIA,MIL,2021-05-27,0042000123
2645,ATL,DAL,2021-05-27,1022100028
2663,UTA,MEM,2021-05-26,0042000142
2674,PHI,WAS,2021-05-26,0042000102
2680,NYK,ATL,2021-05-26,0042000132
2687,IND,WAS,2021-05-25,1022100023
2688,BKN,BOS,2021-05-25,0042000112
2689,PHX,LAL,2021-05-25,0042000152
2693,LAC,DAL,2021-05-25,0042000172
2694,CHI,ATL,2021-05-25,1022100025
2699,DEN,POR,2021-05-24,0042000162
2700,MIL,MIA,2021-05-24,0042000122
2715,PHI,WAS,2021-05-23,0042000101
2720,IND,WAS,2021-05-23,1022100021
2724,CHI,NYL,2021-05-23,1022100020
2725,UTA,MEM,2021-05-23,0042000141
2727,PHX,LAL,2021-05-23,0042000151
2729,NYK,ATL,2021-05-23,0042000131
2737,DAL,SEA,2021-05-22,1022100019
2738,BKN,BOS,2021-05-22,0042000111
2739,LAC,DAL,2021-05-22,0042000171
2743,MIL,MIA,2021-05-22,0042000121
2744,DEN,POR,2021-05-22,0042000161
2768,WAS,NYL,2021-05-21,1022100016
2776,IND,ATL,2021-05-21,1022100015
2808,GSW,MEM,2021-05-21,0052000211
2815,MIN,SEA,2021-05-20,1022100014
2816,WAS,IND,2021-05-20,0052000201
2819,LAL,GSW,2021-05-19,0052000121
2824,ATL,CHI,2021-05-19,1022100012
2852,MEM,SAS,2021-05-19,0052000131
2870,BOS,WAS,2021-05-18,0052000101
2871,IND,CHA,2021-05-18,0052000111
2874,WAS,PHO,2021-05-18,1022100010
2879,ATL,HOU,2021-05-16,0022001066
2880,CHI,MIL,2021-05-16,0022001068
2881,WAS,CHA,2021-05-16,0022001080
2882,IND,NYL,2021-05-16,1022100007
2883,DET,MIA,2021-05-16,0022001069
2884,NYK,BOS,2021-05-16,0022001073
2885,GSW,MEM,2021-05-16,0022001070
2888,NOP,LAL,2021-05-16,0022001072
2889,PHI,ORL,2021-05-16,0022001075
2890,SAS,PHX,2021-05-16,0022001078
2896,POR,DEN,2021-05-16,0022001076
2897,MIN,DAL,2021-05-16,0022001071
2898,BKN,CLE,2021-05-16,0022001067
2899,TOR,IND,2021-05-16,0022001079
2900,OKC,LAC,2021-05-16,0022001074
2904,SAC,UTA,2021-05-16,0022001077
2913,BKN,CHI,2021-05-15,0022001060
2915,IND,LAL,2021-05-15,0022001061
2916,NYK,CHA,2021-05-15,0022001064
2918,SAS,PHX,2021-05-15,0022001065
2919,MIL,MIA,2021-05-15,0022001062
2920,WAS,CHI,2021-05-15,1022100005
2921,MIN,BOS,2021-05-15,0022001063
2929,DAL,TOR,2021-05-14,0022001057
2931,GSW,NOP,2021-05-14,0022001059
2932,DET,DEN,2021-05-14,0022001054
2933,ATL,CON,2021-05-14,1022100002
2935,MIN,PHO,2021-05-14,1022100003
2936,WAS,CLE,2021-05-14,0022000204
2938,OKC,UTA,2021-05-14,0022001056
2942,PHI,ORL,2021-05-14,0022001055
2946,HOU,LAC,2021-05-14,0022001058
2950,MEM,SAC,2021-05-14,0022000263
2953,MEM,SAC,2021-05-13,0022000255
2954,PHX,POR,2021-05-13,0022001053
2955,CHA,LAC,2021-05-13,0022001047
2956,NYK,SAS,2021-05-13,0022000458
2958,CHI,TOR,2021-05-13,0022001051
2959,MIN,DEN,2021-05-13,0022001052
2963,ATL,ORL,2021-05-13,0022001049
2965,IND,MIL,2021-05-13,0022001048
2968,MIA,PHI,2021-05-13,0022001050
2971,ATL,WAS,2021-05-12,0022001042
2972,DAL,NOP,2021-05-12,0022000154
2973,UTA,POR,2021-05-12,0022001045
2974,LAL,HOU,2021-05-12,0022001046
2979,BKN,SAS,2021-05-12,0022001043
2980,CLE,BOS,2021-05-12,0022001044
2983,MEM,DAL,2021-05-11,0022001037
2984,SAC,OKC,2021-05-11,0022001040
2985,LAL,NYK,2021-05-11,0022001041
2986,CHI,BKN,2021-05-11,0022001036
2987,MIL,ORL,2021-05-11,0022001038
2988,DET,MIN,2021-05-11,0022001033
2989,GSW,PHX,2021-05-11,0022001039
2992,CHI,IND,2021-05-11,1012100007
2995,CHA,DEN,2021-05-11,0022000448
2997,IND,PHI,2021-05-11,0022001035
3001,TOR,LAC,2021-05-11,0022001034
3003,BOS,MIA,2021-05-11,0022001032
3007,ATL,WAS,2021-05-10,0022001026
3008,SAS,MIL,2021-05-10,0022001029
3009,CLE,IND,2021-05-10,0022001027
3010,POR,HOU,2021-05-10,0022001031
3013,GSW,UTA,2021-05-10,0022001030
3014,MEM,NOP,2021-05-10,0022001028
3019,LAL,PHX,2021-05-09,0022001024
3020,LAC,NYK,2021-05-09,0022001019
3021,CLE,DAL,2021-05-09,0022001021
3022,BOS,MIA,2021-05-09,0022000145
3023,SAC,OKC,2021-05-09,0022001025
3024,DET,CHI,2021-05-09,0022001023
3025,ORL,MIN,2021-05-09,0022001022
3031,CHA,NOP,2021-05-09,0022001020
3035,IND,CHI,2021-05-09,1012100006
3037,PHI,DET,2021-05-08,0022001013
3038,GSW,OKC,2021-05-08,0022001017
3039,TOR,MEM,2021-05-08,0022001014
3042,POR,SAS,2021-05-08,0022001018
3043,DAL,CON,2021-05-08,1012100002
3044,UTA,HOU,2021-05-08,0022001016
3045,MIN,WAS,2021-05-08,1012100003
3047,IND,WAS,2021-05-08,0022001012
3052,DEN,BKN,2021-05-08,0022001015
3059,CHI,BOS,2021-05-07,0022000160
3060,DAL,CLE,2021-05-07,0022001007
3061,POR,LAL,2021-05-07,0022001010
3062,PHX,NYK,2021-05-07,0022001009
3063,MIL,HOU,2021-05-07,0022001006
3064,SAC,SAS,2021-05-07,0022001011
3065,PHI,NOP,2021-05-07,0022001003
3068,MIA,MIN,2021-05-07,0022001005
3073,CHA,ORL,2021-05-07,0022001004
3076,UTA,DEN,2021-05-07,0022001008
3079,GSW,OKC,2021-05-06,0022001001
3080,LAC,LAL,2021-05-06,0022001002
3081,TOR,WAS,2021-05-06,0022000997
3082,IND,ATL,2021-05-06,0022001000
3083,CHA,CHI,2021-05-06,0022000434
3089,DET,MEM,2021-05-06,0022000999
3091,DAL,BKN,2021-05-06,0022000998
3093,MIN,MEM,2021-05-05,0022000183
3094,MIL,WAS,2021-05-05,0022000235
3095,DEN,NYK,2021-05-05,0022000995
3096,IND,SAC,2021-05-05,0022000993
3099,UTA,SAS,2021-05-05,0022000996
3100,WAS,ATL,2021-05-05,1012100001
3101,ORL,BOS,2021-05-05,0022000990
3103,CLE,POR,2021-05-05,0022000991
3104,ATL,PHX,2021-05-05,0022000992
3109,HOU,PHI,2021-05-05,0022000994
3113,NOP,GSW,2021-05-04,0022000987
3115,LAC,TOR,2021-05-04,0022000989
3116,MIA,DAL,2021-05-04,0022000986
3117,DET,CHA,2021-05-04,0022000984
3119,CLE,PHX,2021-05-04,0022000983
3121,MIL,BKN,2021-05-04,0022000985
3122,OKC,SAC,2021-05-04,0022000988
3127,UTA,SAS,2021-05-03,0022000981
3128,MEM,NYK,2021-05-03,0022000980
3130,CHI,PHI,2021-05-03,0022000979
3131,WAS,IND,2021-05-03,0022000976
3132,NOP,GSW,2021-05-03,0022000977
3133,ATL,POR,2021-05-03,0022000978
3134,LAL,DEN,2021-05-03,0022000982
3137,DET,ORL,2021-05-03,0022000975
3143,MIL,BKN,2021-05-02,0022000967
3144,HOU,NYK,2021-05-02,0022000971
3145,OKC,PHX,2021-05-02,0022000972
3146,LAL,TOR,2021-05-02,0022000974
3148,CHA,MIA,2021-05-02,0022000969
3150,SAS,PHI,2021-05-02,0022000973
3151,BOS,POR,2021-05-02,0022000968
3153,DAL,SAC,2021-05-02,0022000970
3159,UTA,TOR,2021-05-01,0022000965
3160,ORL,MEM,2021-05-01,0022000961
3161,HOU,GSW,2021-05-01,0022000958
3163,CHA,DET,2021-05-01,0022000957
3165,MIN,NOP,2021-05-01,0022000962
3166,CLE,MIA,2021-05-01,0022000960
3167,LAC,DEN,2021-05-01,0022000966
3169,ATL,CHI,2021-05-01,0022000959
3170,DAL,WAS,2021-05-01,0022000964
3172,OKC,IND,2021-05-01,0022000963
3179,CLE,WAS,2021-04-30,0022000951
3180,PHI,ATL,2021-04-30,0022000949
3181,BKN,POR,2021-04-30,0022000952
3182,PHX,UTA,2021-04-30,0022000955
3183,CHI,MIL,2021-04-30,0022000954
3184,BOS,SAS,2021-04-30,0022000950
3187,MEM,ORL,2021-04-30,0022000953
3190,LAL,SAC,2021-04-30,0022000956
3195,DET,DAL,2021-04-29,0022000943
3196,IND,BKN,2021-04-29,0022000944
3197,MIN,GSW,2021-04-29,0022000946
3198,HOU,MIL,2021-04-29,0022000945
3199,DEN,TOR,2021-04-29,0022000948
3203,OKC,NOP,2021-04-29,0022000947
3207,PHI,ATL,2021-04-28,0022000934
3208,MEM,POR,2021-04-28,0022000939
3210,WAS,LAL,2021-04-28,0022000935
3211,CLE,ORL,2021-04-28,0022000933
3212,BOS,CHA,2021-04-28,0022000936
3213,MIA,SAS,2021-04-28,0022000938
3214,PHX,LAC,2021-04-28,0022000941
3217,NYK,CHI,2021-04-28,0022000937
3219,DEN,NOP,2021-04-28,0022000940
3223,SAC,UTA,2021-04-28,0022000942
3227,TOR,BKN,2021-04-27,0022000930
3228,GSW,DAL,2021-04-27,0022000932
3229,IND,POR,2021-04-27,0022000929
3230,BOS,OKC,2021-04-27,0022000927
3233,CHA,MIL,2021-04-27,0022000928
3237,HOU,MIN,2021-04-27,0022000931
3239,WAS,SAS,2021-04-26,0022000919
3241,PHI,OKC,2021-04-26,0022000918
3242,TOR,CLE,2021-04-26,0022000921
3243,NOP,LAC,2021-04-26,0022000924
3245,NYK,PHX,2021-04-26,0022000920
3246,DEN,MEM,2021-04-26,0022000925
3247,MIA,CHI,2021-04-26,0022000922
3250,DET,ATL,2021-04-26,0022000916
3252,ORL,LAL,2021-04-26,0022000917
3254,MIN,UTA,2021-04-26,0022000923
3259,SAC,DAL,2021-04-26,0022000926
3261,ATL,MIL,2021-04-25,0022000913
3262,WAS,CLE,2021-04-25,0022000197
3263,GSW,SAC,2021-04-25,0022000915
3264,POR,MEM,2021-04-25,0022000240
3265,BKN,PHX,2021-04-25,0022000912
3266,CHA,BOS,2021-04-25,0022000911
3270,ORL,IND,2021-04-25,0022000914
3275,IND,DET,2021-04-24,0022000906
3276,DAL,LAL,2021-04-24,0022000908
3277,DEN,HOU,2021-04-24,0022000910
3278,NOP,SAS,2021-04-24,0022000264
3280,MIL,PHI,2021-04-24,0022000905
3282,MIA,CHI,2021-04-24,0022000907
3285,NYK,TOR,2021-04-24,0022000904
3287,UTA,MIN,2021-04-24,0022000909
3291,BKN,BOS,2021-04-23,0022000899
3292,POR,MEM,2021-04-23,0022000225
3293,GSW,DEN,2021-04-23,0022000903
3294,OKC,WAS,2021-04-23,0022000902
3295,CHA,CLE,2021-04-23,0022000900
3296,HOU,LAC,2021-04-23,0022000901
3297,ATL,MIA,2021-04-23,0022000898
3305,BOS,PHX,2021-04-22,0022000892
3306,MIL,PHI,2021-04-22,0022000894
3307,ORL,NOP,2021-04-22,0022000893
3310,SAS,DET,2021-04-22,0022000895
3312,CHI,CHA,2021-04-22,0022000896
3315,DAL,LAL,2021-04-22,0022000897
3317,SAC,MIN,2021-04-21,0022000891
3318,NYK,ATL,2021-04-21,0022000886
3319,POR,DEN,2021-04-21,0022000890
3320,TOR,BKN,2021-04-21,0022000884
3321,WAS,GSW,2021-04-21,0022000885
3322,LAC,MEM,2021-04-21,0022000889
3323,DAL,DET,2021-04-21,0022000442
3324,HOU,UTA,2021-04-21,0022000887
3325,PHI,PHX,2021-04-21,0022000883
3327,IND,OKC,2021-04-21,0022000882
3328,CLE,CHI,2021-04-21,0022000881
3330,SAS,MIA,2021-04-21,0022000888
3341,POR,LAC,2021-04-20,0022000879
3342,ATL,ORL,2021-04-20,0022000876
3344,SAC,MIN,2021-04-20,0022000880
3346,NYK,CHA,2021-04-20,0022000877
3347,NOP,BKN,2021-04-20,0022000878
3351,PHI,GSW,2021-04-19,0022000870
3352,DEN,MEM,2021-04-19,0022000874
3353,LAL,UTA,2021-04-19,0022000875
3354,MIA,HOU,2021-04-19,0022000871
3356,MIL,PHX,2021-04-19,0022000873
3357,WAS,OKC,2021-04-19,0022000872
3360,BOS,CHI,2021-04-19,0022000869
3362,IND,SAS,2021-04-19,0022000473
3364,DET,CLE,2021-04-19,0022000868
3369,ORL,HOU,2021-04-18,0022000864
3370,NYK,NOP,2021-04-18,0022000862
3371,LAC,MIN,2021-04-18,0022000867
3373,CHA,POR,2021-04-18,0022000362
3374,TOR,OKC,2021-04-18,0022000865
3378,ATL,IND,2021-04-18,0022000861
3380,MIA,BKN,2021-04-18,0022000863
3383,DAL,SAC,2021-04-18,0022000866
3385,LAL,UTA,2021-04-17,0022000855
3386,BOS,GSW,2021-04-17,0022000858
3387,MIL,MEM,2021-04-17,0022000859
3390,WAS,DET,2021-04-17,0022000856
3392,CHI,CLE,2021-04-17,0022000857
3394,PHX,SAS,2021-04-17,0022000860
3397,UTA,IND,2021-04-16,0022000844
3399,PHI,LAC,2021-04-16,0022000846
3400,HOU,DEN,2021-04-16,0022000851
3401,MIN,MIA,2021-04-16,0022000852
3402,WAS,NOP,2021-04-16,0022000847
3403,SAS,POR,2021-04-16,0022000853
3406,TOR,ORL,2021-04-16,0022000849
3407,BKN,CHA,2021-04-16,0022000848
3408,DET,OKC,2021-04-16,0022000845
3410,CHI,MEM,2021-04-16,0022000850
3413,DAL,NYK,2021-04-16,0022000854
3419,PHX,SAC,2021-04-15,0022000843
3420,ATL,MIL,2021-04-15,0022000840
3422,LAL,BOS,2021-04-15,0022000842
3423,CLE,GSW,2021-04-15,0022000841
3427,DEN,MIA,2021-04-14,0022000838
3428,CHI,ORL,2021-04-14,0022000833
3429,TOR,SAS,2021-04-14,0022000831
3431,HOU,IND,2021-04-14,0022000461
3432,OKC,GSW,2021-04-14,0022000836
3433,MIN,MIL,2021-04-14,0022000834
3434,DET,LAC,2021-04-14,0022000832
3436,CHA,CLE,2021-04-14,0022000829
3437,SAC,WAS,2021-04-14,0022000839
3440,NOP,NYK,2021-04-14,0022000835
3441,MEM,DAL,2021-04-14,0022000837
3442,PHI,BKN,2021-04-14,0022000830
3451,PHX,MIA,2021-04-13,0022000827
3452,MIN,BKN,2021-04-13,0022000817
3453,IND,LAC,2021-04-13,0022000823
3454,POR,BOS,2021-04-13,0022000828
3457,CHA,LAL,2021-04-13,0022000825
3458,UTA,OKC,2021-04-13,0022000826
3460,TOR,ATL,2021-04-13,0022000824
3465,NYK,LAL,2021-04-12,0022000815
3466,GSW,DEN,2021-04-12,0022000821
3467,UTA,WAS,2021-04-12,0022000820
3468,MEM,CHI,2021-04-12,0022000278
3469,ORL,SAS,2021-04-12,0022000816
3471,PHX,HOU,2021-04-12,0022000822
3474,NOP,SAC,2021-04-12,0022000819
3477,DAL,PHI,2021-04-12,0022000818
3481,DEN,BOS,2021-04-11,0022000806
3482,DAL,SAS,2021-04-11,0022000810
3483,MEM,IND,2021-04-11,0022000811
3484,NYK,TOR,2021-04-11,0022000809
3485,ORL,MIL,2021-04-11,0022000808
3486,LAC,DET,2021-04-11,0022000813
3487,MIN,CHI,2021-04-11,0022000812
3488,CHA,ATL,2021-04-11,0022000805
3490,POR,MIA,2021-04-11,0022000814
3493,CLE,NOP,2021-04-11,0022000807
3501,PHX,WAS,2021-04-10,0022000803
3502,GSW,HOU,2021-04-10,0022000802
3503,POR,DET,2021-04-10,0022000804
3505,CLE,TOR,2021-04-10,0022000794
3507,UTA,SAC,2021-04-10,0022000801
3509,BKN,LAL,2021-04-10,0022000800
3511,OKC,PHI,2021-04-10,0022000199
3515,ATL,CHI,2021-04-09,0022000791
3516,NYK,MEM,2021-04-09,0022000793
3517,GSW,WAS,2021-04-09,0022000798
3519,ORL,IND,2021-04-09,0022000790
3520,LAC,HOU,2021-04-09,0022000799
3521,BOS,MIN,2021-04-09,0022000792
3524,DEN,SAS,2021-04-09,0022000797
3525,NOP,PHI,2021-04-09,0022000795
3526,MIL,CHA,2021-04-09,0022000796
3533,LAC,PHX,2021-04-08,0022000788
3534,TOR,CHI,2021-04-08,0022000523
3536,SAC,DET,2021-04-08,0022000789
3537,UTA,POR,2021-04-08,0022000787
3538,OKC,CLE,2021-04-08,0022000785
3540,MIA,LAL,2021-04-08,0022000784
3543,DAL,MIL,2021-04-08,0022000786
3547,BOS,NYK,2021-04-07,0022000778
3548,BKN,NOP,2021-04-07,0022000779
3549,PHX,UTA,2021-04-07,0022000783
3551,HOU,DAL,2021-04-07,0022000456
3552,ATL,MEM,2021-04-07,0022000780
3553,DEN,SAS,2021-04-07,0022000782
3554,ORL,WAS,2021-04-07,0022000777
3555,OKC,CHA,2021-04-07,0022000781
3560,IND,MIN,2021-04-07,0022000776
3565,TOR,LAL,2021-04-06,0022000772
3566,IND,CHI,2021-04-06,0022000769
3567,BOS,PHI,2021-04-06,0022000771
3568,ATL,NOP,2021-04-06,0022000770
3569,LAC,POR,2021-04-06,0022000775
3570,DEN,DET,2021-04-06,0022000321
3574,MIA,MEM,2021-04-06,0022000773
3575,GSW,MIL,2021-04-06,0022000774
3581,DAL,UTA,2021-04-05,0022000764
3582,BKN,NYK,2021-04-05,0022000762
3584,MIN,SAC,2021-04-05,0022000765
3586,SAS,CLE,2021-04-05,0022000767
3587,HOU,PHX,2021-04-05,0022000768
3589,TOR,WAS,2021-04-05,0022000763
3590,OKC,DET,2021-04-05,0022000766
3595,DEN,ORL,2021-04-04,0022000761
3596,LAC,LAL,2021-04-04,0022000756
3597,BOS,CHA,2021-04-04,0022000757
3599,ATL,GSW,2021-04-04,0022000759
3601,CHI,BKN,2021-04-04,0022000755
3603,HOU,NOP,2021-04-04,0022000760
3605,PHI,MEM,2021-04-04,0022000758
3609,DET,NYK,2021-04-03,0022000748
3610,PHI,MIN,2021-04-03,0022000750
3611,MIA,CLE,2021-04-03,0022000749
3612,SAC,MIL,2021-04-03,0022000754
3613,UTA,ORL,2021-04-03,0022000752
3614,SAS,IND,2021-04-03,0022000751
3617,POR,OKC,2021-04-03,0022000753
3618,WAS,DAL,2021-04-03,0022000747
3625,UTA,CHI,2021-04-02,0022000743
3626,NOP,ATL,2021-04-02,0022000742
3627,SAC,LAL,2021-04-02,0022000746
3628,TOR,GSW,2021-04-02,0022000737
3629,POR,MIL,2021-04-02,0022000745
3631,PHX,OKC,2021-04-02,0022000744
3632,IND,CHA,2021-04-02,0022000740
3635,BOS,HOU,2021-04-02,0022000738
3639,MEM,MIN,2021-04-02,0022000741
3641,NYK,DAL,2021-04-02,0022000739
3645,BKN,CHA,2021-04-01,0022000732
3646,CLE,PHI,2021-04-01,0022000731
3647,MIA,GSW,2021-04-01,0022000733
3648,NOP,ORL,2021-04-01,0022000734
3649,LAC,DEN,2021-04-01,0022000736
3651,SAS,ATL,2021-04-01,0022000735
3655,DET,WAS,2021-04-01,0022000179
3659,MEM,UTA,2021-03-31,0022000725
3660,LAL,MIL,2021-03-31,0022000729
3661,OKC,TOR,2021-03-31,0022000727
3662,DET,POR,2021-03-31,0022000721
3663,IND,MIA,2021-03-31,0022000722
3665,SAS,SAC,2021-03-31,0022000728
3668,BKN,HOU,2021-03-31,0022000724
3669,MIN,NYK,2021-03-31,0022000726
3670,PHX,CHI,2021-03-31,0022000730
3674,BOS,DAL,2021-03-31,0022000723
3679,DEN,PHI,2021-03-30,0022000719
3681,PHX,ATL,2021-03-30,0022000171
3682,LAC,ORL,2021-03-30,0022000720
3684,WAS,CHA,2021-03-30,0022000718
3687,WAS,IND,2021-03-29,0022000707
3689,LAC,MIL,2021-03-29,0022000717
3690,DET,TOR,2021-03-29,0022000711
3691,UTA,CLE,2021-03-29,0022000715
3694,OKC,DAL,2021-03-29,0022000713
3695,BKN,MIN,2021-03-29,0022000709
3696,HOU,MEM,2021-03-29,0022000712
3697,BOS,NOP,2021-03-29,0022000708
3698,NYK,MIA,2021-03-29,0022000710
3699,GSW,CHI,2021-03-29,0022000716
3700,SAS,SAC,2021-03-29,0022000714
3709,TOR,POR,2021-03-28,0022000704
3711,LAL,ORL,2021-03-28,0022000706
3712,CHA,PHX,2021-03-28,0022000703
3714,DEN,ATL,2021-03-28,0022000705
3717,SAC,CLE,2021-03-27,0022000702
3718,OKC,BOS,2021-03-27,0022000699
3719,NOP,DAL,2021-03-27,0022000698
3720,MIL,NYK,2021-03-27,0022000695
3722,SAS,CHI,2021-03-27,0022000697
3723,LAC,PHI,2021-03-27,0022000701
3724,MIN,HOU,2021-03-27,0022000696
3727,WAS,DET,2021-03-27,0022000694
3730,UTA,MEM,2021-03-27,0022000700
3735,UTA,MEM,2021-03-26,0022000691
3736,DAL,IND,2021-03-26,0022000690
3737,DET,BKN,2021-03-26,0022000683
3738,ORL,POR,2021-03-26,0022000687
3739,CHA,MIA,2021-03-26,0022000686
3742,TOR,PHX,2021-03-26,0022000684
3745,LAL,CLE,2021-03-26,0022000693
3746,MIN,HOU,2021-03-26,0022000688
3747,GSW,ATL,2021-03-26,0022000692
3749,NOP,DEN,2021-03-26,0022000689
3750,MIL,BOS,2021-03-26,0022000685
3757,SAC,GSW,2021-03-25,0022000682
3758,MIA,POR,2021-03-25,0022000678
3759,SAS,LAC,2021-03-25,0022000680
3760,NYK,WAS,2021-03-25,0022000679
3763,LAL,PHI,2021-03-25,0022000681
3767,SAC,ATL,2021-03-24,0022000677
3768,OKC,MEM,2021-03-24,0022000674
3769,UTA,BKN,2021-03-24,0022000676
3771,MIL,BOS,2021-03-24,0022000669
3773,SAS,LAC,2021-03-24,0022000675
3775,IND,DET,2021-03-24,0022000667
3776,CHI,CLE,2021-03-24,0022000671
3777,TOR,DEN,2021-03-24,0022000668
3780,ORL,PHX,2021-03-24,0022000670
3782,HOU,CHA,2021-03-24,0022000672
3785,MIN,DAL,2021-03-24,0022000673
3789,ORL,DEN,2021-03-23,0022000661
3790,NOP,LAL,2021-03-23,0022000663
3791,NYK,WAS,2021-03-23,0022000662
3792,MIA,PHX,2021-03-23,0022000664
3795,POR,BKN,2021-03-23,0022000666
3797,GSW,PHI,2021-03-23,0022000665
3801,CHI,UTA,2021-03-22,0022000656
3802,MEM,BOS,2021-03-22,0022000658
3804,HOU,TOR,2021-03-22,0022000657
3805,LAC,ATL,2021-03-22,0022000660
3806,CLE,SAC,2021-03-22,0022000653
3807,SAS,CHA,2021-03-22,0022000655
3808,MIN,OKC,2021-03-22,0022000654
3809,MIL,IND,2021-03-22,0022000659
3817,DEN,NOP,2021-03-21,0022000646
3818,MIA,IND,2021-03-21,0022000645
3819,PHX,LAL,2021-03-21,0022000651
3820,BOS,ORL,2021-03-21,0022000167
3821,BKN,WAS,2021-03-21,0022000647
3822,DET,CHI,2021-03-21,0022000649
3823,HOU,OKC,2021-03-21,0022000016
3826,CLE,TOR,2021-03-21,0022000648
3831,POR,DAL,2021-03-21,0022000652
3833,NYK,PHI,2021-03-21,0022000650
3837,PHI,SAC,2021-03-20,0022000641
3838,MEM,GSW,2021-03-20,0022000642
3839,LAL,ATL,2021-03-20,0022000640
3840,MIL,SAS,2021-03-20,0022000643
3842,LAC,CHA,2021-03-20,0022000644
3847,DEN,CHI,2021-03-19,0022000637
3848,TOR,UTA,2021-03-19,0022000634
3850,ORL,BKN,2021-03-19,0022000633
3851,CLE,SAS,2021-03-19,0022000435
3852,HOU,DET,2021-03-19,0022000635
3853,PHX,MIN,2021-03-19,0022000638
3855,MIA,IND,2021-03-19,0022000632
3856,POR,DAL,2021-03-19,0022000639
3860,MEM,GSW,2021-03-19,0022000636
3861,BOS,SAC,2021-03-19,0022000631
3867,POR,NOP,2021-03-18,0022000629
3868,NYK,ORL,2021-03-18,0022000627
3869,LAL,CHA,2021-03-18,0022000630
3870,ATL,OKC,2021-03-18,0022000626
3872,WAS,UTA,2021-03-18,0022000166
3873,PHX,MIN,2021-03-18,0022000628
3879,CHI,SAS,2021-03-17,0022000621
3880,MEM,MIA,2021-03-17,0022000623
3881,HOU,GSW,2021-03-17,0022000622
3882,DET,TOR,2021-03-17,0022000616
3883,DEN,CHA,2021-03-17,0022000624
3884,DAL,LAC,2021-03-17,0022000625
3885,PHI,MIL,2021-03-17,0022000618
3886,CLE,BOS,2021-03-17,0022000620
3888,WAS,SAC,2021-03-17,0022000619
3893,IND,BKN,2021-03-17,0022000617
3899,BOS,UTA,2021-03-16,0022000609
3900,PHI,NYK,2021-03-16,0022000611
3901,MIA,CLE,2021-03-16,0022000610
3902,LAL,MIN,2021-03-16,0022000615
3904,POR,NOP,2021-03-16,0022000614
3906,HOU,ATL,2021-03-16,0022000613
3907,CHI,OKC,2021-03-16,0022000612
3913,DEN,IND,2021-03-15,0022000606
3914,DET,SAS,2021-03-15,0022000428
3915,WAS,MIL,2021-03-15,0022000603
3916,GSW,LAL,2021-03-15,0022000608
3917,CHA,SAC,2021-03-15,0022000602
3918,DAL,LAC,2021-03-15,0022000605
3923,PHX,MEM,2021-03-15,0022000607
3926,BKN,NYK,2021-03-15,0022000604
3929,GSW,UTA,2021-03-14,0022000594
3930,OKC,MEM,2021-03-14,0022000593
3931,CHI,TOR,2021-03-14,0022000600
3932,PHI,SAS,2021-03-14,0022000595
3933,ATL,CLE,2021-03-14,0022000597
3934,HOU,BOS,2021-03-14,0022000598
3935,NOP,LAC,2021-03-14,0022000601
3939,ORL,MIA,2021-03-14,0022000596
3940,MIN,POR,2021-03-14,0022000599
3947,OKC,NYK,2021-03-13,0022000586
3948,PHX,IND,2021-03-13,0022000194
3949,MIN,POR,2021-03-13,0022000591
3950,ATL,SAC,2021-03-13,0022000590
3952,WAS,MIL,2021-03-13,0022000589
3953,CHA,TOR,2021-03-13,0022000588
3956,DEN,DAL,2021-03-13,0022000592
3959,BKN,DET,2021-03-13,0022000587
3963,NOP,CLE,2021-03-12,0022000581
3964,MEM,DEN,2021-03-12,0022000580
3966,WAS,PHI,2021-03-12,0022000579
3967,SAS,ORL,2021-03-12,0022000583
3970,LAL,IND,2021-03-12,0022000585
3971,UTA,HOU,2021-03-12,0022000584
3973,CHI,MIA,2021-03-12,0022000582
3977,TOR,ATL,2021-03-11,0022000570
3978,CHI,PHI,2021-03-11,0022000572
3980,SAC,HOU,2021-03-11,0022000578
3982,LAC,GSW,2021-03-11,0022000576
3983,MIA,ORL,2021-03-11,0022000571
3985,OKC,DAL,2021-03-11,0022000575
3986,NOP,MIN,2021-03-11,0022000574
3987,CHA,DET,2021-03-11,0022000568
3988,MIL,NYK,2021-03-11,0022000573
3991,POR,PHX,2021-03-11,0022000577
3994,BKN,BOS,2021-03-11,0022000569
4001,DAL,SAS,2021-03-10,0022000567
4002,MEM,WAS,2021-03-10,0022000566
4042,NOP,MIA,2021-03-04,0022000557
4043,SAS,OKC,2021-03-04,0022000556
4046,POR,SAC,2021-03-04,0022000558
4049,PHX,GSW,2021-03-04,0022000185
4052,BOS,TOR,2021-03-04,0022000552
4057,MEM,MIL,2021-03-04,0022000555
4059,IND,DEN,2021-03-04,0022000553
4061,WAS,LAC,2021-03-04,0022000554
4067,NYK,DET,2021-03-04,0022000565
4072,POR,GSW,2021-03-03,0022000550
4073,DAL,OKC,2021-03-03,0022000549
4074,HOU,BKN,2021-03-03,0022000546
4075,PHI,UTA,2021-03-03,0022000545
4076,CLE,IND,2021-03-03,0022000543
4083,TOR,DET,2021-03-03,0022000539
4086,SAC,LAL,2021-03-03,0022000551
4087,NOP,CHI,2021-03-03,0022000548
4090,MIN,CHA,2021-03-03,0022000547
4094,ORL,ATL,2021-03-03,0022000544
4101,LAL,PHX,2021-03-02,0022000542
4105,SAS,NYK,2021-03-02,0022000541
4108,MIA,ATL,2021-03-02,0022000538
4109,MIL,DEN,2021-03-02,0022000540
4119,WAS,MEM,2021-03-02,0022000536
4120,BOS,LAC,2021-03-02,0022000537
4124,POR,CHA,2021-03-01,0022000535
4125,NOP,UTA,2021-03-01,0022000533
4126,SAS,BKN,2021-03-01,0022000534
4127,ORL,DAL,2021-03-01,0022000529
4129,HOU,CLE,2021-03-01,0022000532
4132,CHI,DEN,2021-03-01,0022000531
4133,PHI,IND,2021-03-01,0022000530
4147,MIA,ATL,2021-02-28,0022000522
4151,DET,NYK,2021-02-28,0022000521
4153,SAC,CHA,2021-02-28,0022000528
4155,MIN,PHX,2021-02-28,0022000526
4160,LAL,GSW,2021-02-28,0022000527
4161,BOS,WAS,2021-02-28,0022000524
4165,MIL,LAC,2021-02-28,0022000520
4167,HOU,MEM,2021-02-28,0022000525
4173,BKN,DAL,2021-02-27,0022000519
4174,PHI,CLE,2021-02-27,0022000513
4176,NYK,IND,2021-02-27,0022000515
4179,SAS,NOP,2021-02-27,0022000514
4180,WAS,MIN,2021-02-27,0022000517
4185,OKC,DEN,2021-02-27,0022000518
4193,ORL,UTA,2021-02-27,0022000516
4199,GSW,CHA,2021-02-26,0022000511
4203,BOS,IND,2021-02-26,0022000505
4205,DET,SAC,2021-02-26,0022000504
4208,MEM,LAC,2021-02-26,0022000509
4209,MIA,UTA,2021-02-26,0022000507
4211,CHI,PHX,2021-02-26,0022000508
4212,OKC,ATL,2021-02-26,0022000510
4218,TOR,HOU,2021-02-26,0022000506
4226,LAL,POR,2021-02-26,0022000512
4229,MEM,LAC,2021-02-25,0022000501
4230,BKN,ORL,2021-02-25,0022000499
4232,PHI,DAL,2021-02-25,0022000498
4234,NYK,SAC,2021-02-25,0022000500
4236,DEN,WAS,2021-02-25,0022000502
4247,MIL,NOP,2021-02-25,0022000503
4251,ATL,BOS,2021-02-24,0022000490
4252,NOP,DET,2021-02-24,0022000494
4257,PHX,CHA,2021-02-24,0022000496
4258,MIA,TOR,2021-02-24,0022000492
4259,OKC,SAS,2021-02-24,0022000495
4260,CLE,HOU,2021-02-24,0022000491
4263,CHI,MIN,2021-02-24,0022000493
4266,UTA,LAL,2021-02-24,0022000497
4277,IND,GSW,2021-02-24,0022000489
4279,NYK,GSW,2021-02-23,0022000483
4280,DEN,POR,2021-02-23,0022000487
4281,LAC,WAS,2021-02-23,0022000488
4284,DAL,BOS,2021-02-23,0022000485
4285,BKN,SAC,2021-02-23,0022000482
4286,MIL,MIN,2021-02-23,0022000486
4292,TOR,PHI,2021-02-23,0022000484
4297,CLE,ATL,2021-02-23,0022000480
4301,ORL,DET,2021-02-23,0022000481
4308,LAL,WAS,2021-02-22,0022000479
4309,PHX,POR,2021-02-22,0022000477
4312,HOU,CHI,2021-02-22,0022000474
4318,UTA,CHA,2021-02-22,0022000478
4319,OKC,MIA,2021-02-22,0022000475
4328,DAL,MEM,2021-02-22,0022000476
4331,NYK,MIN,2021-02-21,0022000469
4332,MIL,SAC,2021-02-21,0022000471
4333,LAC,BKN,2021-02-21,0022000472
4336,TOR,PHI,2021-02-21,0022000468
4340,ORL,DET,2021-02-21,0022000467
4343,CLE,OKC,2021-02-21,0022000466
4345,ATL,DEN,2021-02-21,0022000470
4346,NOP,BOS,2021-02-21,0022000465
4360,CHA,GSW,2021-02-20,0022000459
4363,CHI,SAC,2021-02-20,0022000460
4366,MEM,PHX,2021-02-20,0022000462
4367,POR,WAS,2021-02-20,0022000464
4370,LAL,MIA,2021-02-20,0022000463
4379,NOP,PHX,2021-02-19,0022000455
4380,MEM,DET,2021-02-19,0022000452
4381,LAC,UTA,2021-02-19,0022000457
4382,ORL,GSW,2021-02-19,0022000449
4383,MIN,TOR,2021-02-19,0022000454
4384,MIL,OKC,2021-02-19,0022000453
4386,CLE,DEN,2021-02-19,0022000563
4389,PHI,CHI,2021-02-19,0022000450
4391,BOS,ATL,2021-02-19,0022000451
4409,MIL,TOR,2021-02-18,0022000445
4410,SAC,MIA,2021-02-18,0022000447
4418,LAL,BKN,2021-02-18,0022000446
4423,NOP,POR,2021-02-17,0022000441
4424,LAC,UTA,2021-02-17,0022000444
4425,BOS,ATL,2021-02-17,0022000438
4426,MEM,OKC,2021-02-17,0022000562
4430,MIN,IND,2021-02-17,0022000440
4431,GSW,MIA,2021-02-17,0022000443
4432,WAS,DEN,2021-02-17,0022000437
4433,PHI,HOU,2021-02-17,0022000439
4435,ORL,NYK,2021-02-17,0022000436
4443,CHI,DET,2021-02-17,0022000564
4457,MIL,TOR,2021-02-16,0022000430
4459,OKC,POR,2021-02-16,0022000432
4461,MIN,LAL,2021-02-16,0022000431
4462,BOS,DEN,2021-02-16,0022000427
4471,MEM,NOP,2021-02-16,0022000429
4473,PHX,BKN,2021-02-16,0022000433
4477,GSW,CLE,2021-02-15,0022000424
4478,UTA,PHI,2021-02-15,0022000423
4479,IND,CHI,2021-02-15,0022000420
4480,NYK,ATL,2021-02-15,0022000422
4481,SAC,BKN,2021-02-15,0022000426
4483,LAC,MIA,2021-02-15,0022000425
4489,WAS,HOU,2021-02-15,0022000421
4504,DEN,LAL,2021-02-14,0022000416
4509,TOR,MIN,2021-02-14,0022000413
4511,CHA,SAS,2021-02-14,0022000414
4512,WAS,BOS,2021-02-14,0022000560
4513,OKC,MIL,2021-02-14,0022000415
4515,DET,NOP,2021-02-14,0022000561
4519,LAC,CLE,2021-02-14,0022000419
4520,SAC,MEM,2021-02-14,0022000418
4524,DAL,POR,2021-02-14,0022000411
4526,PHX,ORL,2021-02-14,0022000417
4531,GSW,BKN,2021-02-13,0022000409
4533,PHX,PHI,2021-02-13,0022000406
4534,NYK,HOU,2021-02-13,0022000408
4536,ATL,IND,2021-02-13,0022000407
4541,UTA,MIA,2021-02-13,0022000410
4551,WAS,NYK,2021-02-12,0022000396
4553,ATL,SAS,2021-02-12,0022000397
4554,SAC,ORL,2021-02-12,0022000405
4555,UTA,MIL,2021-02-12,0022000402
4559,DAL,NOP,2021-02-12,0022000399
4560,LAL,MEM,2021-02-12,0022000403
4563,BOS,DET,2021-02-12,0022000412
4566,POR,CLE,2021-02-12,0022000404
4568,DEN,OKC,2021-02-12,0022000401
4569,CHA,MIN,2021-02-12,0022000395
4580,CHI,LAC,2021-02-12,0022000400
4585,GSW,ORL,2021-02-11,0022000393
4592,BOS,TOR,2021-02-11,0022000398
4595,POR,PHI,2021-02-11,0022000394
4598,DET,IND,2021-02-11,0022000391
4599,HOU,MIA,2021-02-11,0022000392
4607,WAS,TOR,2021-02-10,0022000382
4608,BKN,IND,2021-02-10,0022000383
4609,DEN,CLE,2021-02-10,0022000388
4610,PHX,MIL,2021-02-10,0022000389
4611,MEM,CHA,2021-02-10,0022000386
4613,CHI,NOP,2021-02-10,0022000385
4614,MIN,LAC,2021-02-10,0022000387
4616,LAL,OKC,2021-02-10,0022000390
4617,DAL,ATL,2021-02-10,0022000384
4637,NOP,HOU,2021-02-09,0022000377
4638,MIA,NYK,2021-02-09,0022000376
4639,SAS,GSW,2021-02-09,0022000378
4640,POR,ORL,2021-02-09,0022000380
4642,UTA,BOS,2021-02-09,0022000379
4643,SAC,PHI,2021-02-09,0022000381
4644,DET,BKN,2021-02-09,0022000375
4651,SAS,GSW,2021-02-08,0022000371
4652,DEN,MIL,2021-02-08,0022000373
4653,CHI,WAS,2021-02-08,0022000368
4654,DAL,MIN,2021-02-08,0022000370
4655,LAL,OKC,2021-02-08,0022000374
4656,MEM,TOR,2021-02-08,0022000369
4658,PHX,CLE,2021-02-08,0022000372
4660,CHA,HOU,2021-02-08,0022000367
4667,PHX,BOS,2021-02-07,0022000365
4668,LAC,SAC,2021-02-07,0022000366
4670,IND,UTA,2021-02-07,0022000363
4671,NYK,MIA,2021-02-07,0022000364
4674,CHA,WAS,2021-02-07,0022000215
4677,NYK,POR,2021-02-06,0022000351
4678,LAL,DET,2021-02-06,0022000361
4679,DAL,GSW,2021-02-06,0022000360
4680,NOP,MEM,2021-02-06,0022000355
4681,PHI,BKN,2021-02-06,0022000354
4684,ORL,CHI,2021-02-06,0022000353
4685,ATL,TOR,2021-02-06,0022000356
4686,HOU,SAS,2021-02-06,0022000358
4687,SAC,DEN,2021-02-06,0022000352
4690,OKC,MIN,2021-02-06,0022000359
4694,CLE,MIL,2021-02-06,0022000357
4699,PHX,DET,2021-02-05,0022000349
4700,LAC,BOS,2021-02-05,0022000350
4701,IND,NOP,2021-02-05,0022000343
4702,OKC,MIN,2021-02-05,0022000348
4703,CHA,UTA,2021-02-05,0022000342
4704,CLE,MIL,2021-02-05,0022000346
4705,ORL,CHI,2021-02-05,0022000344
4706,MIA,WAS,2021-02-05,0022000347
4715,BKN,TOR,2021-02-05,0022000345
4717,MEM,HOU,2021-02-04,0022000340
4718,DAL,GSW,2021-02-04,0022000339
4719,LAL,DEN,2021-02-04,0022000341
4720,ATL,UTA,2021-02-04,0022000338
4725,PHI,POR,2021-02-04,0022000337
4727,MIA,WAS,2021-02-03,0022000331
4728,NOP,PHX,2021-02-03,0022000335
4729,SAC,BOS,2021-02-03,0022000336
4730,CHI,NYK,2021-02-03,0022000332
4731,ATL,DAL,2021-02-03,0022000330
4733,OKC,HOU,2021-02-03,0022000333
4737,CLE,LAC,2021-02-03,0022000328
4739,SAS,MIN,2021-02-03,0022000334
4740,CHA,PHI,2021-02-03,0022000327
4741,MIL,IND,2021-02-03,0022000329
4747,IND,MEM,2021-02-02,0022000322
4748,BKN,LAC,2021-02-02,0022000324
4750,ORL,TOR,2021-02-02,0022000323
4752,GSW,BOS,2021-02-02,0022000326
4753,UTA,DET,2021-02-02,0022000325
4755,WAS,POR,2021-02-02,0022000559
4759,CLE,MIN,2021-02-01,0022000312
4760,OKC,HOU,2021-02-01,0022000318
4762,CHI,NYK,2021-02-01,0022000315
4763,MIA,CHA,2021-02-01,0022000314
4764,SAS,MEM,2021-02-01,0022000320
4765,NOP,SAC,2021-02-01,0022000317
4766,MIL,POR,2021-02-01,0022000316
4767,ATL,LAL,2021-02-01,0022000313
4769,DAL,PHX,2021-02-01,0022000319
4777,NYK,LAC,2021-01-31,0022000308
4778,DEN,UTA,2021-01-31,0022000306
4779,WAS,BKN,2021-01-31,0022000310
4780,IND,PHI,2021-01-31,0022000307
4782,TOR,ORL,2021-01-31,0022000309
4785,MIN,CLE,2021-01-31,0022000311
4789,GSW,DET,2021-01-30,0022000305
4790,CHI,POR,2021-01-30,0022000298
4792,SAS,MEM,2021-01-30,0022000304
4793,NOP,HOU,2021-01-30,0022000300
4794,BOS,LAL,2021-01-30,0022000302
4795,MIA,SAC,2021-01-30,0022000301
4797,CHA,MIL,2021-01-30,0022000299
4800,DAL,PHX,2021-01-30,0022000303
4805,TOR,SAC,2021-01-29,0022000292
4806,UTA,DAL,2021-01-29,0022000297
4807,NYK,CLE,2021-01-29,0022000291
4808,OKC,BKN,2021-01-29,0022000295
4809,WAS,ATL,2021-01-29,0022000290
4811,NOP,MIL,2021-01-29,0022000293
4815,SAS,DEN,2021-01-29,0022000296
4816,MIN,PHI,2021-01-29,0022000294
4817,CHA,IND,2021-01-29,0022000288
4818,ORL,LAC,2021-01-29,0022000289
4825,HOU,POR,2021-01-28,0022000287
4827,MIA,LAC,2021-01-28,0022000285
4828,PHX,GSW,2021-01-28,0022000286
4830,DET,LAL,2021-01-28,0022000284
4833,NOP,WAS,2021-01-27,0022000279
4835,SAS,BOS,2021-01-27,0022000280
4836,PHI,LAL,2021-01-27,0022000276
4837,TOR,MIL,2021-01-27,0022000277
4838,GSW,MIN,2021-01-27,0022000283
4839,ORL,SAC,2021-01-27,0022000273
4840,ATL,BKN,2021-01-27,0022000274
4842,CHA,IND,2021-01-27,0022000271
4843,CLE,DET,2021-01-27,0022000272
4845,PHX,OKC,2021-01-27,0022000281
4847,MIA,DEN,2021-01-27,0022000275
4855,UTA,DAL,2021-01-27,0022000282
4857,UTA,NYK,2021-01-26,0022000270
4858,ATL,LAC,2021-01-26,0022000268
4859,HOU,WAS,2021-01-26,0022000269
4863,ORL,CHA,2021-01-25,0022000259
4864,DAL,DEN,2021-01-25,0022000265
4865,DET,PHI,2021-01-25,0022000257
4866,IND,TOR,2021-01-25,0022000258
4867,CHI,BOS,2021-01-25,0022000262
4869,POR,OKC,2021-01-25,0022000267
4872,GSW,MIN,2021-01-25,0022000266
4874,CLE,LAL,2021-01-25,0022000261
4875,BKN,MIA,2021-01-25,0022000260
4881,IND,TOR,2021-01-24,0022000249
4882,POR,NYK,2021-01-24,0022000256
4883,LAC,OKC,2021-01-24,0022000251
4884,ORL,CHA,2021-01-24,0022000252
4886,SAS,WAS,2021-01-24,0022000253
4888,BOS,CLE,2021-01-24,0022000250
4889,MIL,ATL,2021-01-24,0022000254
4895,DAL,HOU,2021-01-23,0022000247
4896,BKN,MIA,2021-01-23,0022000244
4897,MIN,NOP,2021-01-23,0022000246
4898,UTA,GSW,2021-01-23,0022000242
4901,CHI,LAL,2021-01-23,0022000245
4903,PHX,DEN,2021-01-23,0022000248
4904,DET,PHI,2021-01-23,0022000243
4909,SAC,NYK,2021-01-22,0022000241
4910,LAC,OKC,2021-01-22,0022000239
4911,PHI,BOS,2021-01-22,0022000233
4912,CLE,BKN,2021-01-22,0022000232
4913,IND,ORL,2021-01-22,0022000231
4914,SAS,DAL,2021-01-22,0022000237
4915,CHA,CHI,2021-01-22,0022000229
4916,MIN,ATL,2021-01-22,0022000236
4918,PHX,DEN,2021-01-22,0022000238
4920,DET,HOU,2021-01-22,0022000230
4926,TOR,MIA,2021-01-22,0022000234
4931,UTA,NOP,2021-01-21,0022000227
4932,GSW,NYK,2021-01-21,0022000228
4935,MIL,LAL,2021-01-21,0022000226
4937,HOU,PHX,2021-01-20,0022000222
4939,GSW,SAS,2021-01-20,0022000223
4940,CLE,BKN,2021-01-20,0022000216
4941,TOR,MIA,2021-01-20,0022000220
4942,LAC,SAC,2021-01-20,0022000224
4943,MIN,ORL,2021-01-20,0022000221
4944,IND,DAL,2021-01-20,0022000217
4946,PHI,BOS,2021-01-20,0022000218
4949,ATL,DET,2021-01-20,0022000219
4955,DEN,OKC,2021-01-19,0022000213
4957,UTA,NOP,2021-01-19,0022000214
4959,LAL,GSW,2021-01-18,0022000212
4960,NYK,ORL,2021-01-18,0022000203
4961,BKN,MIL,2021-01-18,0022000209
4962,TOR,DAL,2021-01-18,0022000210
4964,MIA,DET,2021-01-18,0022000206
4965,MEM,PHX,2021-01-18,0022000208
4967,ATL,MIN,2021-01-18,0022000205
4968,CHI,HOU,2021-01-18,0022000211
4970,POR,SAS,2021-01-18,0022000207
4977,SAC,NOP,2021-01-17,0022000201
4978,BOS,NYK,2021-01-17,0022000196
4979,LAC,IND,2021-01-17,0022000202
4980,DAL,CHI,2021-01-17,0022000198
4981,DEN,UTA,2021-01-17,0022000200
4987,MEM,PHI,2021-01-16,0022000193
4988,BKN,ORL,2021-01-16,0022000190
4989,SAS,HOU,2021-01-16,0022000189
4990,TOR,CHA,2021-01-16,0022000191
4992,POR,ATL,2021-01-16,0022000195
4994,MIA,DET,2021-01-16,0022000192
4999,OKC,CHI,2021-01-15,0022000184
5000,CLE,NYK,2021-01-15,0022000181
5001,BOS,ORL,2021-01-15,0022000180
5002,UTA,ATL,2021-01-15,0022000186
5003,SAC,LAC,2021-01-15,0022000188
5005,MIL,DAL,2021-01-15,0022000182
5007,LAL,NOP,2021-01-15,0022000187
5013,PHI,MIA,2021-01-14,0022000174
5014,DEN,GSW,2021-01-14,0022000177
5016,POR,IND,2021-01-14,0022000178
5017,SAS,HOU,2021-01-14,0022000176
5018,TOR,CHA,2021-01-14,0022000175
5023,OKC,LAL,2021-01-13,0022000170
5024,CHA,DAL,2021-01-13,0022000164
5026,DET,MIL,2021-01-13,0022000165
5027,LAC,NOP,2021-01-13,0022000172
5029,MIN,MEM,2021-01-13,0022000169
5031,SAC,POR,2021-01-13,0022000173
5032,NYK,BKN,2021-01-13,0022000168
5037,BKN,DEN,2021-01-12,0022000158
5038,PHI,MIA,2021-01-12,0022000157
5039,GSW,IND,2021-01-12,0022000163
5040,HOU,LAL,2021-01-12,0022000161
5041,CLE,UTA,2021-01-12,0022000159
5044,OKC,SAS,2021-01-12,0022000162
5049,ATL,PHI,2021-01-11,0022000153
5050,SAC,IND,2021-01-11,0022000156
5051,POR,TOR,2021-01-11,0022000155
5052,WAS,PHX,2021-01-11,0022000152
5054,ORL,MIL,2021-01-11,0022000151
5055,CHA,NYK,2021-01-11,0022000149
5058,CLE,MEM,2021-01-11,0022000150
5063,NYK,DEN,2021-01-10,0022000144
5064,LAC,CHI,2021-01-10,0022000142
5065,GSW,TOR,2021-01-10,0022000148
5066,BKN,OKC,2021-01-10,0022000143
5067,DET,UTA,2021-01-10,0022000141
5068,MIN,SAS,2021-01-10,0022000147
5073,HOU,LAL,2021-01-10,0022000146
5077,CHA,ATL,2021-01-09,0022000134
5079,MIL,CLE,2021-01-09,0022000137
5080,MIN,SAS,2021-01-09,0022000138
5081,DAL,ORL,2021-01-09,0022000139
5082,WAS,MIA,2021-01-09,0022000136
5083,SAC,POR,2021-01-09,0022000140
5086,PHI,DEN,2021-01-09,0022000133
5088,IND,PHX,2021-01-09,0022000135
5093,MIL,UTA,2021-01-08,0022000129
5094,MEM,BKN,2021-01-08,0022000128
5095,NYK,OKC,2021-01-08,0022000125
5096,SAC,TOR,2021-01-08,0022000132
5098,HOU,ORL,2021-01-08,0022000127
5099,GSW,LAC,2021-01-08,0022000130
5100,BOS,WAS,2021-01-08,0022000124
5101,DET,PHX,2021-01-08,0022000123
5108,NOP,CHA,2021-01-08,0022000126
5109,LAL,CHI,2021-01-08,0022000131
5113,BKN,PHI,2021-01-07,0022000118
5114,LAL,SAS,2021-01-07,0022000121
5115,DEN,DAL,2021-01-07,0022000120
5117,POR,MIN,2021-01-07,0022000122
5120,MEM,CLE,2021-01-07,0022000119
5123,NYK,UTA,2021-01-06,0022000112
5124,GSW,LAC,2021-01-06,0022000116
5125,IND,HOU,2021-01-06,0022000107
5127,PHX,TOR,2021-01-06,0022000115
5128,SAC,CHI,2021-01-06,0022000117
5129,PHI,WAS,2021-01-06,0022000109
5130,MIA,BOS,2021-01-06,0022000111
5131,NOP,OKC,2021-01-06,0022000114
5134,ORL,CLE,2021-01-06,0022000108
5136,MIL,DET,2021-01-06,0022000113
5139,ATL,CHA,2021-01-06,0022000110
5145,LAC,SAS,2021-01-05,0022000105
5146,DEN,MIN,2021-01-05,0022000104
5147,BKN,UTA,2021-01-05,0022000102
5150,POR,CHI,2021-01-05,0022000106
5152,MEM,LAL,2021-01-05,0022000103
5155,HOU,DAL,2021-01-04,0022000098
5156,PHI,CHA,2021-01-04,0022000094
5157,ATL,NYK,2021-01-04,0022000095
5158,NOP,IND,2021-01-04,0022000100
5159,GSW,SAC,2021-01-04,0022000101
5160,MIL,DET,2021-01-04,0022000099
5162,TOR,BOS,2021-01-04,0022000097
5165,ORL,CLE,2021-01-04,0022000093
5168,MIA,OKC,2021-01-04,0022000096
5173,GSW,POR,2021-01-03,0022000092
5174,SAS,UTA,2021-01-03,0022000089
5175,MIN,DEN,2021-01-03,0022000088
5177,DET,BOS,2021-01-03,0022000085
5178,BKN,WAS,2021-01-03,0022000086
5179,CHI,DAL,2021-01-03,0022000090
5181,MEM,LAL,2021-01-03,0022000087
5185,PHX,LAC,2021-01-03,0022000091
5189,PHI,CHA,2021-01-02,0022000082
5190,HOU,SAC,2021-01-02,0022000079
5191,IND,NYK,2021-01-02,0022000080
5193,ORL,OKC,2021-01-02,0022000081
5196,ATL,CLE,2021-01-02,0022000083
5199,NOP,TOR,2021-01-02,0022000084
5201,UTA,LAC,2021-01-01,0022000077
5202,MIL,CHI,2021-01-01,0022000073
5203,DAL,MIA,2021-01-01,0022000071
5204,MIN,WAS,2021-01-01,0022000074
5206,DET,BOS,2021-01-01,0022000070
5208,DEN,PHX,2021-01-01,0022000076
5210,GSW,POR,2021-01-01,0022000078
5212,CHA,MEM,2021-01-01,0022000069
5213,SAS,LAL,2021-01-01,0022000075
5214,BKN,ATL,2021-01-01,0022000072
5221,TOR,NYK,2020-12-31,0022000066
5222,IND,CLE,2020-12-31,0022000062
5224,WAS,CHI,2020-12-31,0022000063
5226,OKC,NOP,2020-12-31,0022000067
5227,HOU,SAC,2020-12-31,0022000065
5228,UTA,PHX,2020-12-31,0022000068
5229,ORL,PHI,2020-12-31,0022000064
5235,SAS,LAL,2020-12-30,0022000060
5236,LAC,POR,2020-12-30,0022000061
5237,BKN,ATL,2020-12-30,0022000057
5239,MIA,MIL,2020-12-30,0022000058
5240,BOS,MEM,2020-12-30,0022000056
5243,DAL,CHA,2020-12-30,0022000059
5247,CLE,NYK,2020-12-29,0022000046
5248,PHX,NOP,2020-12-29,0022000053
5249,PHI,TOR,2020-12-29,0022000049
5250,IND,BOS,2020-12-29,0022000048
5251,SAC,DEN,2020-12-29,0022000055
5253,OKC,ORL,2020-12-29,0022000052
5254,DET,GSW,2020-12-29,0022000047
5256,LAC,MIN,2020-12-29,0022000054
5258,WAS,CHI,2020-12-29,0022000050
5259,MIA,MIL,2020-12-29,0022000051
5267,OKC,UTA,2020-12-28,0022000043
5268,ATL,DET,2020-12-28,0022000041
5269,DEN,HOU,2020-12-28,0022000044
5272,LAL,POR,2020-12-28,0022000045
5273,BKN,MEM,2020-12-28,0022000042
5277,LAC,DAL,2020-12-27,0022000031
5278,IND,BOS,2020-12-27,0022000037
5279,NYK,MIL,2020-12-27,0022000036
5280,CHA,BKN,2020-12-27,0022000032
5281,CLE,PHI,2020-12-27,0022000035
5283,CHI,GSW,2020-12-27,0022000038
5284,NOP,SAS,2020-12-27,0022000034
5287,LAL,MIN,2020-12-27,0022000040
5291,WAS,ORL,2020-12-27,0022000033
5295,SAC,PHX,2020-12-27,0022000039
5297,CHA,OKC,2020-12-26,0022000022
5298,SAC,PHX,2020-12-26,0022000030
5299,CHI,IND,2020-12-26,0022000026
5300,POR,HOU,2020-12-26,0022000029
5301,DET,CLE,2020-12-26,0022000023
5302,MEM,ATL,2020-12-26,0022000021
5303,SAS,TOR,2020-12-26,0022000027
5305,WAS,ORL,2020-12-26,0022000024
5307,UTA,MIN,2020-12-26,0022000028
5311,NYK,PHI,2020-12-26,0022000025
5317,DEN,LAC,2020-12-25,0022000009
5318,BOS,BKN,2020-12-25,0022000007
5319,LAL,DAL,2020-12-25,0022000008
5320,MIA,NOP,2020-12-25,0022000005
5321,MIL,GSW,2020-12-25,0022000006
5327,ORL,MIA,2020-12-23,0022000012
5328,PHX,DAL,2020-12-23,0022000004
5329,POR,UTA,2020-12-23,0022000020
5330,CLE,CHA,2020-12-23,0022000010
5331,MIN,DET,2020-12-23,0022000018
5332,BOS,MIL,2020-12-23,0022000003
5333,TOR,NOP,2020-12-23,0022000014
5334,PHI,WAS,2020-12-23,0022000013
5335,DEN,SAC,2020-12-23,0022000019
5336,MEM,SAS,2020-12-23,0022000017
5337,CHI,ATL,2020-12-23,0022000015
5348,IND,NYK,2020-12-23,0022000011
5351,BKN,GSW,2020-12-22,0022000001
5352,LAL,LAC,2020-12-22,0022000002
5355,ORL,CHA,2020-12-19,0012000047
5356,WAS,DET,2020-12-19,0012000048
5357,MEM,ATL,2020-12-19,0012000049
5361,BOS,BKN,2020-12-18,0012000041
5362,IND,PHI,2020-12-18,0012000039
5363,PHX,LAL,2020-12-18,0012000046
5364,NYK,CLE,2020-12-18,0012000042
5365,OKC,CHI,2020-12-18,0012000044
5366,DEN,POR,2020-12-18,0012000045
5368,TOR,MIA,2020-12-18,0012000040
5371,NOP,MIL,2020-12-18,0012000043
5377,WAS,DET,2020-12-17,0012000033
5379,ORL,CHA,2020-12-17,0012000032
5380,SAC,GSW,2020-12-17,0012000038
5382,HOU,SAS,2020-12-17,0012000034
5383,DAL,MIN,2020-12-17,0012000036
5385,MEM,ATL,2020-12-17,0012000035
5389,LAC,UTA,2020-12-17,0012000037
5391,DEN,POR,2020-12-16,0012000030
5392,NYK,CLE,2020-12-16,0012000028
5393,PHX,LAL,2020-12-16,0012000031
5394,OKC,CHI,2020-12-16,0012000029
5399,PHI,BOS,2020-12-15,0012000025
5400,HOU,SAS,2020-12-15,0012000026
5403,SAC,GSW,2020-12-15,0012000027
5405,MIN,MEM,2020-12-14,0012000023
5406,MIL,DAL,2020-12-14,0012000022
5407,CLE,IND,2020-12-14,0012000019
5408,UTA,PHX,2020-12-14,0012000024
5409,CHA,TOR,2020-12-14,0012000020
5411,MIA,NOP,2020-12-14,0012000021
5417,POR,SAC,2020-12-13,0012000017
5418,CHI,HOU,2020-12-13,0012000016
5420,ATL,ORL,2020-12-13,0012000013
5421,BKN,WAS,2020-12-13,0012000014
5422,LAL,LAC,2020-12-13,0012000018
5423,DET,NYK,2020-12-13,0012000015
5429,MIN,MEM,2020-12-12,0012000010
5430,UTA,PHX,2020-12-12,0012000012
5431,MIL,DAL,2020-12-12,0012000009
5432,GSW,DEN,2020-12-12,0012000011
5435,CHA,TOR,2020-12-12,0012000006
5437,CLE,IND,2020-12-12,0012000007
5439,SAS,OKC,2020-12-12,0012000008
5443,ATL,ORL,2020-12-11,0012000001
5444,CHI,HOU,2020-12-11,0012000003
5446,LAL,LAC,2020-12-11,0012000004
5448,DET,NYK,2020-12-11,0012000002
5449,POR,SAC,2020-12-11,0012000005
