Date,Rot,VH,Team,1st,2nd,3rd,4th,Final,Open,Close,ML,2H,
1019,501,V,Brooklyn,25,34,26,19,104,240.5,233.5,105,2,
1019,502,H,Milwaukee,37,29,31,30,127,pk,1.5,-125,114,
1019,503,V,GoldenState,32,21,30,38,121,230.5,226.5,140,111.5,
1019,504,H,LALakers,34,25,26,29,114,4.5,3.5,-160,pk,
1020,505,V,Indiana,38,37,13,34,122,228.5,1.5,-125,110.5,
1020,506,H,Charlotte,27,32,33,31,123,2,223,105,4,
1020,507,V,Chicago,14,26,31,23,94,2.5,5,-220,5.5,
1020,508,H,Detroit,20,24,25,19,88,220.5,218,190,110.5,
1020,509,V,Washington,26,31,24,17,98,220,223,120,109,
1020,510,H,Toronto,18,19,22,24,83,3.5,2.5,-140,6,
1020,511,V,Boston,35,23,24,34,134,217.5,220,120,112.5,
1020,512,H,NewYork,29,25,32,30,138,1,2.5,-140,2.5,
1020,513,V,Cleveland,32,29,29,31,121,217.5,218.5,240,107,
1020,514,H,Memphis,32,41,21,38,132,8,7,-280,pk,
1020,515,V,Philadelphia,29,24,28,36,117,1.5,4,-170,2.5,
1020,516,H,NewOrleans,25,28,17,27,97,227.5,224,150,109,
1020,517,V,Houston,21,24,26,35,106,228.5,232,220,3.5,
1020,518,H,Minnesota,32,40,27,25,124,4.5,6.5,-260,113,
1020,519,V,Orlando,28,21,22,26,97,215.5,212.5,225,104,
1020,520,H,SanAntonio,32,29,33,29,123,5.5,7,-265,pk,
1020,521,V,OklahomaCity,18,24,21,23,86,221.5,221.5,750,107,
1020,522,H,Utah,27,27,29,24,107,11.5,14,-1200,5,
1020,523,V,Sacramento,24,38,38,24,124,231.5,234,220,114,
1020,524,H,Portland,23,26,36,36,121,5.5,6.5,-260,7,
1020,525,V,Denver,26,25,34,25,110,224.5,224,200,108.5,
1020,526,H,Phoenix,20,38,24,16,98,6.5,6,-240,1,
1021,527,V,Dallas,20,24,20,23,87,224.5,225.5,120,1,
1021,528,H,Atlanta,22,29,35,27,113,2.5,2.5,-140,110,
1021,529,V,Milwaukee,17,26,26,26,95,1.5,222.5,130,5.5,
1021,530,H,Miami,40,32,33,32,137,224.5,3,-150,114.5,
1021,531,V,LAClippers,27,40,26,20,113,225.5,229,160,116.5,
1021,532,H,GoldenState,44,22,24,25,115,2.5,4,-180,4,
1022,533,V,NewYork,36,29,21,35,121,4.5,7.5,-350,103.5,
1022,534,H,Orlando,16,19,29,32,96,212,212,290,3.5,
1022,535,V,Charlotte,27,27,36,33,123,3,2.5,-135,2,
1022,536,H,Cleveland,30,29,30,23,112,225.5,226,115,111,
1022,537,V,Indiana,36,37,23,27,134,230,2,-130,1.5,
1022,538,H,Washington,32,41,33,17,135,2,225.5,110,111.5,
1022,539,V,Toronto,23,28,33,31,115,221,217.5,240,105,
1022,540,H,Boston,23,24,17,19,83,8,7,-280,6.5,
1022,541,V,Brooklyn,28,27,30,29,114,1,1,-120,2.5,
1022,542,H,Philadelphia,34,28,29,18,109,229.5,224.5,100,109.5,
1022,543,V,OklahomaCity,21,26,26,18,91,225.5,221,130,5.5,
1022,544,H,Houston,34,35,31,24,124,3,2.5,-150,107,
1022,545,V,NewOrleans,17,30,28,37,112,224,222.5,235,2,
1022,546,H,Chicago,28,37,27,36,128,6.5,7,-275,113.5,
1022,547,V,SanAntonio,22,28,20,26,96,219,222,260,108,
1022,548,H,Denver,26,27,26,23,102,8,7.5,-310,4,
1022,549,V,Phoenix,23,34,37,21,115,226.5,222,105,112.5,
1022,550,H,LALakers,26,18,23,38,105,3,1.5,-125,5,
1022,551,V,Utah,24,22,35,29,110,6,6.5,-240,5,
1022,552,H,Sacramento,26,26,28,21,101,226.5,227,200,116.5,
1023,553,V,Atlanta,27,28,17,23,95,3,8.5,-360,4.5,
1023,554,H,Cleveland,24,28,31,18,101,223,223.5,300,109.5,
1023,555,V,Miami,24,22,17,23,91,3,3,-155,4.5,
1023,556,H,Indiana,28,28,8,22,102,224,222,135,107.5,
1023,557,V,Dallas,18,27,29,29,103,3.5,5,-190,4.5,
1023,558,H,Toronto,25,26,21,23,95,218,217.5,170,105,
1023,559,V,NewOrleans,27,14,26,22,89,226,228.5,260,0.5,
1023,560,H,Minnesota,28,26,15,27,96,6,7.5,-310,115.5,
1023,561,V,Detroit,28,15,11,28,82,214.5,213.5,280,104,
1023,562,H,Chicago,31,23,25,18,97,9,8,-340,1,
1023,563,V,Milwaukee,32,24,29,36,121,7.5,6,-250,2.5,
1023,564,H,SanAntonio,32,20,29,30,111,223.5,225.5,210,114.5,
1023,565,V,Phoenix,24,23,34,24,105,232,229,135,4,
1023,566,H,Portland,30,37,39,28,134,2,3,-155,116.5,
1023,567,V,Memphis,25,34,38,23,120,226,226,155,115.5,
1023,568,H,LAClippers,34,28,27,25,114,3.5,4,-175,1.5,
1024,569,V,Charlotte,27,23,29,32,111,231.5,233,350,114.5,
1024,570,H,Brooklyn,31,27,20,17,95,8.5,9,-420,3,
1024,571,V,Orlando,27,25,22,36,110,215,212,600,108,
1024,572,H,NewYork,29,28,23,24,104,12,12,-900,5.5,
1024,573,V,Boston,22,31,36,18,107,6,5,-210,3.5,
1024,574,H,Houston,30,21,21,25,97,225.5,221.5,180,113,
1024,575,V,Philadelphia,36,23,28,28,115,7.5,9.5,-500,3,
1024,576,H,OklahomaCity,26,25,27,25,103,216.5,216,400,106,
1024,577,V,GoldenState,29,31,30,29,119,3,3,-150,3.5,
1024,578,H,Sacramento,31,31,26,19,107,231,234.5,130,114.5,
1024,579,V,Memphis,24,32,34,28,118,221,225.5,180,115,
1024,580,H,LALakers,29,33,25,34,121,6,5.5,-210,1.5,
1025,501,V,Milwaukee,34,32,35,18,119,3,1,-115,117.5,
1025,502,H,Indiana,30,27,29,23,109,10.5,229.5,-105,2.5,
1025,503,V,Boston,33,35,26,28,140,1,2,-130,1,
1025,504,H,Charlotte,33,33,31,25,129,224,225,110,115,
1025,505,V,Orlando,15,29,26,20,90,213.5,211.5,700,108,
1025,506,H,Miami,27,30,24,26,107,14,13.5,-1100,4,
1025,507,V,Chicago,24,37,31,19,111,2.5,2,-135,109.5,
1025,508,H,Toronto,24,27,29,28,108,213,213.5,115,2.5,
1025,509,V,Detroit,18,36,25,25,104,213.5,212.5,525,104.5,
1025,510,H,Atlanta,28,34,33,27,122,10.5,11.5,-750,4,
1025,511,V,Washington,20,22,22,26,90,233.5,229,200,2,
1025,512,H,Brooklyn,38,21,23,22,104,7.5,6,-240,111.5,
1025,513,V,NewOrleans,25,29,26,27,107,225,224.5,190,113.5,
1025,514,H,Minnesota,19,24,30,25,98,5.5,5.5,-220,6,
1025,515,V,Cleveland,29,21,25,24,99,220.5,221,400,107,
1025,516,H,Denver,24,22,24,17,87,10.5,9.5,-500,7.5,
1025,517,V,Portland,17,25,19,25,86,234.5,229.5,120,4,
1025,518,H,LAClippers,31,25,35,25,116,3,2.5,-140,117,
1026,519,V,Philadelphia,26,16,30,27,99,218.5,217,100,5.5,
1026,520,H,NewYork,23,39,28,22,112,1,1,-120,105.5,
1026,521,V,GoldenState,29,19,33,25,106,9,11,-600,11,
1026,522,H,OklahomaCity,34,25,17,22,98,224,223.5,450,108.5,
1026,523,V,Houston,31,29,28,18,106,220.5,222.5,475,109,
1026,524,H,Dallas,27,30,34,25,116,11,11,-650,8.5,
1026,525,V,LALakers,27,34,24,29,125,4.5,220,115,109,
1026,526,H,SanAntonio,29,33,35,17,121,220,2,-135,1,
1026,527,V,Denver,31,33,26,20,110,220,218.5,265,106.5,
1026,528,H,Utah,35,31,25,31,122,7,7.5,-320,6,
1027,529,V,Charlotte,31,33,27,29,120,6.5,5.5,-210,3,
1027,530,H,Orlando,31,30,32,18,111,220.5,221,180,107,
1027,531,V,Miami,29,20,32,25,106,222.5,218,140,106.5,
1027,532,H,Brooklyn,22,29,23,19,93,5,3.5,-160,1.5,
1027,533,V,Indiana,24,24,23,29,100,1.5,214,100,2.5,
1027,534,H,Toronto,29,28,30,31,118,220,1,-120,105.5,
1027,535,V,Atlanta,19,34,31,18,102,5.5,5,-200,5,
1027,536,H,NewOrleans,33,26,18,22,99,222,220.5,175,108.5,
1027,537,V,Washington,24,38,25,29,116,228.5,224,155,109,
1027,538,H,Boston,19,33,34,21,107,4.5,4,-175,5,
1027,539,V,LALakers,41,31,23,20,115,9,5.5,-220,106.5,
1027,540,H,OklahomaCity,19,37,41,26,123,220.5,217,190,1.5,
1027,541,V,Minnesota,44,22,28,19,113,228.5,231,195,113,
1027,542,H,Milwaukee,34,24,21,29,108,7,5.5,-235,6,
1027,543,V,Sacramento,23,30,29,28,110,228,224.5,300,110,
1027,544,H,Phoenix,29,32,15,31,107,8.5,8,-360,1.5,
1027,545,V,Memphis,27,30,20,19,96,235.5,233,115,117.5,
1027,546,H,Portland,24,27,36,29,116,4.5,2.5,-135,3,
1027,547,V,Cleveland,23,24,25,20,92,220,219,290,106,
1027,548,H,LAClippers,14,26,24,15,79,7.5,8.5,-350,8,
1028,549,V,Detroit,22,24,21,35,102,217,211,450,102.5,
1028,550,H,Philadelphia,21,31,27,31,110,10.5,11,-600,4.5,
1028,551,V,Atlanta,32,23,31,25,111,2.5,4,-170,4.5,
1028,552,H,Washington,33,31,36,22,122,224,222.5,150,109.5,
1028,553,V,NewYork,27,28,27,22,104,215,216.5,100,104.5,
1028,554,H,Chicago,25,26,22,30,103,4,1.5,-120,1,
1028,555,V,Utah,32,29,31,30,122,9,9.5,-450,0.5,
1028,556,H,Houston,18,22,32,19,91,223.5,222.5,375,113.5,
1028,557,V,SanAntonio,25,24,27,23,99,221.5,219.5,220,107,
1028,558,H,Dallas,15,32,29,28,104,6,6.5,-260,5,
1028,559,V,Memphis,20,25,28,25,104,233,228,200,116,
1028,560,H,GoldenState,37,18,24,19,101,5,6,-240,pk,
1029,561,V,Orlando,20,31,27,31,109,210,206.5,380,105.5,
1029,562,H,Toronto,23,31,23,33,110,7,9.5,-460,5,
1029,563,V,Charlotte,22,24,29,24,99,220.5,221.5,240,2,
1029,564,H,Miami,33,31,20,30,114,5.5,7,-280,106,
1029,565,V,Indiana,38,17,19,24,98,223,223,340,107.5,
1029,566,H,Brooklyn,26,32,27,20,105,9,8.5,-410,4.5,
1029,567,V,Sacramento,33,26,18,36,113,1,1.5,-120,108.5,
1029,568,H,NewOrleans,26,22,24,37,109,222.5,221,100,3,
1029,569,V,LAClippers,24,16,27,25,92,225,223.5,140,0.5,
1029,570,H,Portland,25,23,28,35,111,4,3.5,-160,113.5,
1029,571,V,Dallas,21,23,12,19,75,219.5,216.5,145,1,
1029,572,H,Denver,29,25,33,19,106,1.5,4,-165,105,
1029,573,V,Cleveland,28,26,31,16,101,219.5,221.5,290,107,
1029,574,H,LALakers,21,33,34,25,113,8,8,-350,5.5,
1030,501,V,Boston,20,27,26,30,112,225,223.5,110,1,
1030,502,H,Washington,25,28,23,27,115,1.5,2,-130,113,
1030,503,V,Orlando,20,27,26,30,103,205.5,207.5,200,105,
1030,504,H,Detroit,25,23,34,28,110,5.5,6,-240,3.5,
1030,505,V,NewYork,34,29,25,35,123,4.5,8,-360,4,
1030,506,H,NewOrleans,28,31,24,34,117,217,214,300,104,
1030,507,V,Toronto,22,24,21,30,97,215.5,212,125,103.5,
1030,508,H,Indiana,25,22,19,28,94,3.5,3,-145,2,
1030,509,V,Atlanta,15,31,23,25,94,218.5,216.5,145,3,
1030,510,H,Philadelphia,28,32,29,33,122,3,3.5,-165,105,
1030,511,V,Utah,24,33,15,27,99,4.5,3.5,-160,1,
1030,512,H,Chicago,25,29,25,28,107,216.5,218.5,140,111,
1030,513,V,SanAntonio,27,18,24,33,102,224.5,223.5,240,109,
1030,514,H,Milwaukee,24,23,20,26,93,7,7,-280,3.5,
1030,515,V,Miami,38,29,35,27,129,217.5,215,135,105,
1030,516,H,Memphis,22,32,25,24,103,2,3.5,-155,5.5,
1030,517,V,OklahomaCity,20,24,14,24,82,220,217,600,105,
1030,518,H,GoldenState,28,27,27,21,103,12.5,12.5,-900,4,
1030,519,V,Denver,23,20,26,24,93,222,219.5,105,1,
1030,520,H,Minnesota,32,15,26,18,91,2.5,1.5,-125,106,
1030,521,V,Cleveland,31,15,19,27,92,218,216,400,105,
1030,522,H,Phoenix,24,26,28,23,101,9.5,10,-500,5.5,
1031,523,V,Sacramento,22,25,25,27,99,219,218.5,165,107,
1031,524,H,Dallas,31,22,29,23,105,4.5,4.5,-185,1,
1031,525,V,Portland,29,31,28,25,113,1,2,-125,112,
1031,526,H,Charlotte,27,26,36,36,125,230,231,105,1,
1031,527,V,Utah,30,27,27,23,107,224.5,4.5,-185,114.5,
1031,528,H,Milwaukee,23,25,21,26,95,1,222,165,0.5,
1031,529,V,Detroit,25,24,25,17,91,215,211,600,102,
1031,530,H,Brooklyn,28,36,32,21,117,12.5,12,-900,3.5,
1031,531,V,Houston,15,20,19,31,85,224,224.5,475,109,
1031,532,H,LALakers,27,27,21,20,95,12,11,-650,1,
1101,533,V,Cleveland,40,25,23,25,113,224.5,220,180,106,
1101,534,H,Charlotte,21,28,27,34,110,4,5,-210,7,
1101,535,V,Portland,21,32,28,22,103,220.5,2,-125,2.5,
1101,536,H,Philadelphia,27,27,32,27,113,6.5,221.5,105,108,
1101,537,V,SanAntonio,33,23,27,35,118,218.5,215.5,120,5,
1101,538,H,Indiana,43,35,31,22,131,3.5,2.5,-140,105,
1101,539,V,Toronto,26,27,38,22,113,211.5,209,250,103,
1101,540,H,NewYork,34,23,22,25,104,7,7.5,-300,3.5,
1101,541,V,Washington,23,37,17,34,111,224,222,175,106,
1101,542,H,Atlanta,34,29,21,34,118,6,5.5,-200,2.5,
1101,543,V,Chicago,34,25,30,39,128,217.5,215.5,120,110.5,
1101,544,H,Boston,35,32,36,11,114,2,3,-140,.5+03,
1101,545,V,Denver,26,32,15,24,97,216,215.5,115,105.5,
1101,546,H,Memphis,31,29,22,24,106,1.5,2,-135,1,
1101,547,V,Orlando,26,27,19,43,115,218,217,320,109,
1101,548,H,Minnesota,32,26,20,19,97,9,8.5,-380,3.5,
1101,549,V,OklahomaCity,23,21,30,20,94,214,210,550,103,
1101,550,H,LAClippers,14,26,26,33,99,11,12.5,-800,10,
1102,551,V,Milwaukee,27,30,33,27,117,4.5,4.5,-180,108.5,
1102,552,H,Detroit,20,19,23,27,89,216,211.5,160,2.5,
1102,553,V,Miami,24,46,29,26,125,2,2.5,-140,103.5,
1102,554,H,Dallas,30,32,26,22,110,212.5,209.5,120,0.5,
1102,555,V,Sacramento,29,30,28,26,113,220,223.5,340,108.5,
1102,556,H,Utah,33,25,32,29,119,10,9.5,-410,7,
1102,557,V,NewOrleans,36,23,23,18,100,216.5,215,375,111,
1102,558,H,Phoenix,22,26,28,36,112,11.5,10,-450,8,
1102,559,V,Houston,35,35,19,28,117,219,219.5,450,107,
1102,560,H,LALakers,32,32,23,32,119,11,11,-600,9.5,
1103,501,V,Portland,26,27,24,27,104,4.5,5.5,-210,5.5,
1103,502,H,Cleveland,23,37,27,20,107,219.5,216.5,180,105.5,
1103,503,V,Boston,26,18,31,17,92,6.5,7,-300,5.5,
1103,504,H,Orlando,28,18,10,23,79,214,212.5,250,108.5,
1103,505,V,Toronto,29,30,27,23,109,215,212,140,104,
1103,506,H,Washington,29,19,29,23,100,3,3.5,-160,5,
1103,507,V,Chicago,19,25,28,26,98,217.5,215.5,120,2.5,
1103,508,H,Philadelphia,29,29,26,19,103,2.5,2.5,-140,109,
1103,509,V,NewYork,22,28,25,23,98,218,216,-105,2.5,
1103,510,H,Indiana,36,23,21,31,111,pk,1,-115,105.5,
1103,511,V,Atlanta,28,31,20,29,108,218,221,165,109,
1103,512,H,Brooklyn,35,26,34,22,117,4.5,4.5,-185,2.5,
1103,513,V,Denver,19,36,28,23,106,213.5,1,-125,105.5,
1103,514,H,Memphis,37,19,22,30,108,1,215.5,105,pk,
1103,515,V,LAClippers,27,31,45,23,126,215.5,2.5,-140,0.5,
1103,516,H,Minnesota,23,31,34,27,115,pk,212.5,120,107,
1103,517,V,Dallas,28,31,22,28,109,1,2,-130,1,
1103,518,H,SanAntonio,28,30,25,25,108,216,217,110,106.5,
1103,519,V,NewOrleans,26,26,35,12,99,218.5,219,190,111,
1103,520,H,Sacramento,27,29,36,20,112,5.5,6,-220,2,
1103,521,V,Charlotte,26,26,15,25,92,224,226.5,200,109.5,
1103,522,H,GoldenState,21,32,27,34,114,6,6,-240,3.5,
1104,523,V,Philadelphia,31,32,23,23,109,5.5,4.5,-190,4.5,
1104,524,H,Detroit,32,34,16,16,98,208.5,207.5,170,102,
1104,525,V,Utah,15,24,36,41,116,220.5,1.5,-120,2,
1104,526,H,Atlanta,16,24,34,24,98,pk,218.5,100,111.5,
1104,527,V,Boston,18,33,24,20,95,215,213.5,225,108,
1104,528,H,Miami,24,9,24,21,78,6,6.5,-265,8.5,
1104,529,V,Houston,30,31,25,25,111,217.5,220,500,108,
1104,530,H,Phoenix,36,20,37,30,123,10.5,11.5,-700,10,
1104,531,V,OklahomaCity,21,27,24,35,107,217.5,214,475,105,
1104,532,H,LALakers,25,27,28,24,104,13,10.5,-650,5.5,
1105,533,V,SanAntonio,30,19,23,30,102,5,4,-170,104,
1105,534,H,Orlando,20,16,26,27,89,212,213,150,2,
1105,535,V,Brooklyn,28,11,39,18,96,9.5,9.5,-500,7,
1105,536,H,Detroit,23,16,23,28,90,212,210.5,400,107.5,
1105,537,V,Memphis,31,16,21,19,87,225,220.5,120,3,
1105,538,H,Washington,35,25,31,24,115,pk,2.5,-140,111,
1105,539,V,NewYork,19,37,32,25,113,217.5,217,145,104,
1105,540,H,Milwaukee,38,25,20,15,98,5.5,3.5,-165,pk,
1105,541,V,Cleveland,28,20,26,28,102,212.5,204,195,99,
1105,542,H,Toronto,29,28,23,21,101,6,6,-230,1,
1105,543,V,LAClippers,23,24,28,29,104,3,2.5,-140,4.5,
1105,544,H,Minnesota,33,24,15,12,84,215.5,215.5,120,111,
1105,545,V,NewOrleans,31,19,16,19,85,219.5,213.5,390,108.5,
1105,546,H,GoldenState,38,16,34,38,126,3,9.5,-480,4.5,
1105,547,V,Charlotte,22,31,36,21,110,228,232,115,5,
1105,548,H,Sacramento,41,33,32,34,140,3,2,-135,110,
1105,549,V,Indiana,19,34,30,23,106,224,222.5,180,109,
1105,550,H,Portland,24,35,23,28,110,4.5,6,-210,2,
1106,551,V,Houston,27,20,24,23,94,218,215,500,103,
1106,552,H,Denver,26,20,26,23,95,10.5,11.5,-700,8,
1106,553,V,Utah,24,28,26,37,115,212.5,212,-110,1,
1106,554,H,Miami,27,28,32,31,118,3.5,pk,-110,107.5,
1106,555,V,Philadelphia,22,35,27,30,114,211.5,215,150,102.5,
1106,556,H,Chicago,21,26,30,28,105,3,4,-170,5,
1106,557,V,Boston,15,25,32,32,104,213,211,140,3,
1106,558,H,Dallas,29,28,22,28,107,5.5,3.5,-160,107.5,
1106,559,V,Atlanta,26,32,40,19,117,222,222,145,108.5,
1106,560,H,Phoenix,25,34,27,35,121,5,3,-165,2.5,
1106,561,V,LALakers,14,22,26,28,90,218.5,223.5,180,0.5,
1106,562,H,Portland,36,15,42,12,105,5,5.5,-205,108,
1107,563,V,Brooklyn,29,24,35,28,116,4,3.5,-155,3.5,
1107,564,H,Toronto,26,34,17,26,103,211,210,135,103.5,
1107,565,V,Indiana,27,21,26,20,94,223,225,120,114.5,
1107,566,H,Sacramento,19,24,24,24,91,2,2.5,-140,2,
1107,567,V,Cleveland,29,27,33,37,126,209,207.5,260,100.5,
1107,568,H,NewYork,30,27,18,34,109,7.5,7.5,-310,6,
1107,569,V,Utah,15,37,33,15,100,11.5,11,-700,6,
1107,570,H,Orlando,28,22,25,32,107,212,211,500,109,
1107,571,V,Milwaukee,24,28,19,23,94,3,1,-115,112.5,
1107,572,H,Washington,26,23,33,19,101,221.5,219.5,-105,0.5,
1107,573,V,SanAntonio,28,27,14,25,94,5.5,3.5,-165,104,
1107,574,H,OklahomaCity,14,31,34,20,99,212,213.5,145,1,
1107,575,V,Houston,32,29,22,24,107,222,218.5,650,106.5,
1107,576,H,GoldenState,37,32,34,17,120,13,13,-1000,5.5,
1107,577,V,Charlotte,39,19,29,19,106,224,224.5,210,108.5,
1107,578,H,LAClippers,31,30,28,31,120,6,6,-250,3,
1108,501,V,NewYork,28,30,14,31,103,210,2,-125,103.5,
1108,502,H,Philadelphia,21,23,25,27,96,4.5,213.5,105,2,
1108,503,V,Brooklyn,27,30,21,17,95,215,216.5,100,104.5,
1108,504,H,Chicago,35,16,25,42,118,1.5,pk,-120,1,
1108,505,V,Minnesota,34,20,38,21,118,218.5,221,165,105,
1108,506,H,Memphis,34,24,23,32,125,6,4.5,-185,2,
1108,507,V,NewOrleans,27,20,22,23,92,210.5,210.5,330,107,
1108,508,H,Dallas,22,29,27,30,108,9,9,-400,4.5,
1108,509,V,Miami,25,24,21,26,96,208.5,1.5,-125,5,
1108,510,H,Denver,30,34,27,22,113,pk,203,105,100,
1108,511,V,Atlanta,34,31,20,28,113,223,222,140,108,
1108,512,H,GoldenState,32,29,41,25,127,3.5,3.5,-160,2.5,
1108,513,V,Phoenix,34,33,31,11,109,3,3.5,-155,2,
1108,514,H,Sacramento,28,36,12,28,104,222.5,224,135,113.5,
1108,515,V,Charlotte,26,34,27,28,123,224.5,225.5,115,107.5,
1108,516,H,LALakers,29,32,33,21,126,2.5,2.5,-135,1,
1109,517,V,Milwaukee,30,31,30,27,118,6.5,6.5,-280,4.5,
1109,518,H,Philadelphia,39,19,35,16,109,222.5,215,240,109,
1109,519,V,Atlanta,28,22,30,18,98,22,223,300,107.5,
1109,520,H,Utah,30,32,33,15,110,7.5,8.5,-360,2,
1109,521,V,Portland,26,29,24,30,109,222.5,220,125,107,
1109,522,H,LAClippers,33,23,27,34,117,3.5,3,-145,1,
1110,523,V,Washington,24,20,24,29,97,3,3.5,-160,4,
1110,524,H,Cleveland,22,27,25,20,94,213.5,208.5,140,101,
1110,525,V,Brooklyn,28,37,29,29,123,9,10,-500,2.5,
1110,526,H,Orlando,23,30,22,15,90,212,211,400,104,
1110,527,V,Toronto,25,21,22,20,88,212,206,145,3.5,
1110,528,H,Boston,33,29,18,24,104,2,3,-165,101,
1110,529,V,Milwaukee,31,20,31,30,112,218,216,140,108,
1110,530,H,NewYork,22,20,24,34,100,1.5,3.5,-160,4,
1110,531,V,Detroit,23,26,33,30,112,210.5,211.5,120,103,
1110,532,H,Houston,21,29,29,25,104,3.5,2.5,-140,1.5,
1110,533,V,Charlotte,34,26,21,37,118,226.5,228,170,110.5,
1110,534,H,Memphis,36,16,26,30,108,4,4.5,-190,4,
1110,535,V,OklahomaCity,28,28,29,23,108,211,208.5,160,102,
1110,536,H,NewOrleans,29,19,23,29,100,4.5,4,-180,4,
1110,537,V,Dallas,33,21,26,27,107,214,215,145,0.5,
1110,538,H,Chicago,32,29,34,22,117,3,3.5,-165,103,
1110,539,V,Sacramento,20,34,33,30,117,222.5,222.5,-105,5,
1110,540,H,SanAntonio,34,37,33,32,136,1.5,1,-115,108,
1110,541,V,Portland,26,21,30,32,109,221,225,180,1.5,
1110,542,H,Phoenix,27,33,27,32,119,6,5,-210,109.5,
1110,543,V,Indiana,20,24,21,33,98,3,3,-150,3,
1110,544,H,Denver,23,21,25,32,101,213,205,130,104,
1110,545,V,Minnesota,28,26,30,26,110,220,222.5,265,0.5,
1110,546,H,GoldenState,31,38,24,30,123,8,7.5,-320,107,
1110,547,V,Miami,25,32,29,26,117,3,5.5,-220,3,
1110,548,H,LALakers,28,27,27,30,120,215,215,190,103.5,
1111,549,V,Toronto,27,25,29,34,115,213.5,212,155,104,
1111,550,H,Philadelphia,30,27,21,31,109,2,4,-175,1,
1111,551,V,Indiana,32,28,25,26,111,219.5,215,425,105.5,
1111,552,H,Utah,30,21,26,23,100,9,10.5,-550,10.5,
1111,553,V,Miami,40,18,20,31,109,214.5,211.5,190,104.5,
1111,554,H,LAClippers,25,31,30,26,112,2.5,5.5,-220,5,
1112,555,V,NewYork,34,21,21,20,96,225.5,2.5,-135,109,
1112,556,H,Charlotte,18,28,34,24,104,pk,225,115,1,
1112,557,V,Detroit,18,23,11,26,78,204,200,165,0.5,
1112,558,H,Cleveland,24,28,22,24,98,5,4.5,-185,97,
1112,559,V,Milwaukee,30,25,26,27,113,2,209,175,106,
1112,560,H,Boston,30,21,37,20,122,216,5.5,-200,6,
1112,561,V,Portland,30,25,26,23,104,6.5,7,-300,1.5,
1112,562,H,Houston,27,18,22,25,92,223.5,222.5,250,108,
1112,563,V,Brooklyn,33,33,29,25,120,7.5,9.5,-430,3,
1112,564,H,NewOrleans,25,34,24,29,112,211.5,214.5,360,104.5,
1112,565,V,Phoenix,36,26,30,27,119,222,2,-135,113.5,
1112,566,H,Memphis,23,20,21,30,94,1,222.5,115,4,
1112,567,V,Sacramento,23,39,24,17,103,4.5,5,-200,105,
1112,568,H,OklahomaCity,16,32,29,28,105,217.5,218.5,175,1.5,
1112,569,V,Dallas,31,37,34,21,123,1.5,2.5,-145,107.5,
1112,570,H,SanAntonio,22,35,20,32,109,217.5,220,125,2,
1112,571,V,Atlanta,25,21,23,27,96,215.5,214.5,140,104,
1112,572,H,Denver,32,17,30,26,105,4.5,3,-160,2,
1112,573,V,Chicago,29,16,17,31,93,221.5,222,190,112,
1112,574,H,GoldenState,23,28,35,33,119,4.5,5.5,-220,1,
1112,575,V,Minnesota,19,25,40,23,107,226,223.5,105,1.5,
1112,576,H,LALakers,26,23,12,22,83,4.5,pk,-125,108,
1113,501,V,Miami,27,31,37,16,111,213.5,212,290,103,
1113,502,H,Utah,24,24,21,36,105,7.5,9,-350,8.5,
1113,503,V,Washington,28,22,32,22,104,2,5,-210,98,
1113,504,H,Orlando,18,19,22,33,92,204.5,203,180,0.5,
1113,505,V,Philadelphia,25,35,22,31,113,217.5,214,160,1,
1113,506,H,Indiana,32,38,24,24,118,2.5,4.5,-180,105,
1113,507,V,Memphis,22,22,28,29,101,221.5,3.5,-160,6.5,
1113,508,H,NewOrleans,35,27,21,29,112,7,218.5,140,111,
1113,509,V,Detroit,31,34,28,34,127,201.5,203,280,100,
1113,510,H,Toronto,34,30,31,26,121,9.5,7.5,-340,6,
1113,511,V,Boston,20,32,22,15,89,3.5,202,115,104.5,
1113,512,H,Cleveland,9,29,24,29,91,202.5,2,-135,4,
1113,513,V,Minnesota,26,17,28,31,102,222.5,221,235,3.5,
1113,514,H,LAClippers,32,38,28,31,129,7.5,7,-275,108.5,
1114,515,V,SanAntonio,29,26,24,27,106,223,219.5,120,106,
1114,516,H,LALakers,34,26,30,24,114,2.5,2,-140,0.5,
1114,517,V,Milwaukee,24,20,33,23,100,219,224,110,3,
1114,518,H,Atlanta,32,26,31,31,120,pk,2,-130,114.5,
1114,519,V,GoldenState,27,30,31,14,102,4,5.5,-210,4,
1114,520,H,Charlotte,30,27,30,19,106,224,227.5,180,111.5,
1114,521,V,Phoenix,27,24,29,35,115,9,8.5,-380,3,
1114,522,H,Houston,23,21,19,26,89,223,221.5,320,112,
1114,523,V,Brooklyn,30,31,29,30,120,9.5,9,-400,1,
1114,524,H,OklahomaCity,25,23,26,22,96,212,215.5,330,105,
1114,525,V,Portland,18,35,26,16,95,217,208,210,1,
1114,526,H,Denver,33,34,24,33,124,4,6,-250,102,
1114,527,V,Chicago,30,24,23,23,100,221,219,145,111,
1114,528,H,LAClippers,17,28,26,19,90,6,3.5,-165,3.5,
1115,529,V,NewOrleans,25,33,22,20,100,213.5,208.5,150,107.5,
1115,530,H,Washington,25,16,32,32,105,2.5,4.5,-170,6.5,
1115,531,V,Boston,19,18,28,33,98,1.5,4,-170,4,
1115,532,H,Cleveland,22,17,25,28,92,199,199,150,102,
1115,533,V,Sacramento,31,37,24,37,129,4.5,4,-180,104,
1115,534,H,Detroit,12,32,26,37,107,213,214,160,4,
1115,535,V,Indiana,20,29,25,10,84,217,211,130,102.5,
1115,536,H,NewYork,16,32,21,23,92,3,3,-150,2.5,
1115,537,V,Orlando,31,25,28,27,111,214,215,450,108.5,
1115,538,H,Atlanta,30,30,33,36,129,11,10.5,-600,5,
1115,539,V,Houston,20,36,15,31,102,221,219,525,108,
1115,540,H,Memphis,33,41,31,31,136,11,11.5,-750,2,
1115,541,V,Denver,32,26,25,18,101,209,209,180,103.5,
1115,542,H,Dallas,35,14,30,32,111,4,5.5,-210,4.5,
1115,543,V,Phoenix,18,22,26,33,99,3,4,-170,3.5,
1115,544,H,Minnesota,21,18,23,34,96,223,222,150,112.5,
1115,545,V,Miami,23,20,31,29,103,9,6.5,-265,4.5,
1115,546,H,OklahomaCity,24,19,24,23,90,210.5,207,225,101,
1115,547,V,Toronto,33,27,25,28,113,212.5,216.5,130,105.5,
1115,548,H,Portland,24,37,24,33,118,1.5,3,-150,2,
1115,549,V,Chicago,33,24,37,27,121,219,2,-125,109.5,
1115,550,H,LALakers,25,23,25,30,103,1,216,105,1,
1116,551,V,GoldenState,31,32,35,19,117,220.5,223.5,125,108.5,
1116,552,H,Brooklyn,34,24,18,23,99,3.5,2.5,-145,2.5,
1116,553,V,Philadelphia,28,19,19,19,85,217,216.5,450,106.5,
1116,554,H,Utah,30,33,34,23,120,9,11.5,-600,2,
1116,555,V,SanAntonio,20,33,18,21,92,218.5,221.5,250,107,
1116,556,H,LAClippers,25,32,26,23,106,6.5,8,-300,4,
1117,557,V,Indiana,21,20,32,16,89,6.5,6.5,-265,6.5,
1117,558,H,Detroit,24,25,24,24,97,210,206,225,100,
1117,559,V,Washington,29,22,14,22,87,215,220.5,100,106.5,
1117,560,H,Charlotte,24,21,30,22,97,2.5,1,-120,1.5,
1117,561,V,NewOrleans,34,18,18,28,98,220,210.5,235,106.5,
1117,562,H,Miami,21,26,34,32,113,8.5,6.5,-275,7,
1117,563,V,Orlando,21,29,22,32,104,210,207,525,105,
1117,564,H,NewYork,23,26,18,31,98,11.5,11.5,-750,8,
1117,565,V,Cleveland,25,16,32,26,99,207,206.5,450,0.5,
1117,566,H,Brooklyn,31,31,19,28,109,13,9.5,-600,100.5,
1117,567,V,Boston,29,20,28,22,99,215,216.5,175,0.5,
1117,568,H,Atlanta,30,28,33,19,110,6,5,-200,110,
1117,569,V,LALakers,32,21,30,19,102,214.5,223,350,109.5,
1117,570,H,Milwaukee,30,34,21,24,109,7.5,9,-420,2,
1117,571,V,Houston,19,22,23,25,89,213.5,214.5,130,2,
1117,572,H,OklahomaCity,22,31,27,21,101,3.5,3,-150,105.5,
1117,573,V,Sacramento,18,30,24,25,97,224.5,228,125,109.5,
1117,574,H,Minnesota,22,22,33,30,107,3,2.5,-145,1.5,
1117,575,V,Dallas,22,24,27,25,98,220,212,300,107,
1117,576,H,Phoenix,25,20,23,37,105,5.5,8,-360,6,
1117,577,V,Chicago,33,30,22,22,107,221.5,221.5,140,112,
1117,578,H,Portland,24,24,33,31,112,3,3.5,-160,6,
1118,501,V,Washington,19,21,30,27,97,210,206.5,225,100,
1118,502,H,Miami,21,26,36,29,112,7,6.5,-265,1,
1118,503,V,GoldenState,27,24,17,36,104,8.5,10,-500,8,
1118,504,H,Cleveland,29,25,27,8,89,208,208.5,400,101.5,
1118,505,V,SanAntonio,20,33,25,12,90,223,220,110,3,
1118,506,H,Minnesota,34,32,27,22,115,1.5,2,-130,106.5,
1118,507,V,LAClippers,24,29,32,23,108,221.5,220.5,-110,1,
1118,508,H,Memphis,30,26,38,26,120,pk,pk,-110,112,
1118,509,V,Philadelphia,24,34,29,16,103,209,209,265,102,
1118,510,H,Denver,23,29,17,20,89,8,7.5,-320,6,
1118,511,V,Toronto,27,36,17,23,103,213,214.5,400,105.5,
1118,512,H,Utah,32,29,31,27,119,9,10,-500,7.5,
1119,513,V,Indiana,22,26,37,33,118,218,1,-115,4.5,
1119,514,H,Charlotte,27,36,35,23,121,2.5,216,-105,109.5,
1119,515,V,GoldenState,26,30,30,19,105,10.5,1.5,-125,98,
1119,516,H,Detroit,23,28,19,32,102,210,201,105,pk,
1119,517,V,LALakers,38,23,21,26,108,212.5,213,-110,0.505,
1119,518,H,Boston,30,30,33,37,130,2,1,-110,104,
1119,519,V,Orlando,41,21,21,30,113,209,209,400,107,
1119,520,H,Brooklyn,25,28,37,25,115,12.5,9.5,-500,9,
1119,521,V,OklahomaCity,24,23,21,21,89,216.5,215.5,650,105.5,
1119,522,H,Milwaukee,34,24,22,16,96,12.5,12.5,-1000,4,
1119,523,V,LAClippers,29,26,14,12,81,5,4.5,-175,109.5,
1119,524,H,NewOrleans,16,27,29,22,94,216.5,214.5,155,1.5,
1119,525,V,Chicago,30,23,35,26,114,211.5,3.5,-150,3.5,
1119,526,H,Denver,30,22,26,30,108,4,206,130,105,
1119,527,V,Dallas,24,27,33,20,104,211.5,211,290,104,
1119,528,H,Phoenix,27,28,24,33,112,7.5,8.5,-350,4,
1119,529,V,Toronto,30,33,33,12,108,220,221,145,107.5,
1119,530,H,Sacramento,27,18,21,23,89,4,3.5,-165,6.5,
1120,531,V,Houston,21,26,26,26,99,211.5,213.5,425,104,
1120,532,H,NewYork,13,34,25,34,106,11,11,-550,7.5,
1120,533,V,NewOrleans,19,27,18,30,94,214.5,206.5,260,105,
1120,534,H,Indiana,32,26,38,15,111,7.5,7.5,-310,1,
1120,535,V,Miami,25,18,32,25,100,1.5,2,-135,1.5,
1120,536,H,Washington,26,15,30,32,103,210,207,115,100,
1120,537,V,Charlotte,21,27,29,28,105,226,226.5,250,109.5,
1120,538,H,Atlanta,25,35,29,26,115,6,7.5,-300,pk,
1120,539,V,OklahomaCity,23,22,29,31,105,205.5,205,375,101,
1120,540,H,Boston,30,28,31,22,111,10.5,9.5,-450,2,
1120,541,V,Memphis,23,20,28,24,95,1,221,120,5,
1120,542,H,Minnesota,40,32,41,25,138,218.5,2.5,-140,113,
1120,543,V,Orlando,24,26,21,37,108,213,215.5,575,109.5,
1120,544,H,Milwaukee,36,26,34,21,117,11.5,12.5,-850,3,
1120,545,V,Utah,29,25,30,39,123,7,7.5,-330,3.5,
1120,546,H,Sacramento,28,21,31,25,105,225,221,270,113.5,
1120,547,V,Philadelphia,25,21,32,33,111,218.5,217,245,106,
1120,548,H,Portland,30,25,31,32,118,6,7.5,-290,1.5,
1121,549,V,Dallas,22,25,15,29,91,215.5,209,185,101,
1121,550,H,LAClippers,19,27,25,26,97,3.5,5.5,-215,4,
1121,551,V,LALakers,30,31,23,37,121,7.5,7,-300,8,
1121,552,H,Detroit,26,42,31,17,116,209,213,250,104.5,
1121,553,V,Denver,28,32,18,19,97,209.5,208.5,400,103,
1121,554,H,Phoenix,48,25,27,26,126,7.5,11,-500,2,
1121,555,V,NewYork,20,25,29,29,103,210,213,180,104,
1121,556,H,Chicago,25,26,21,37,109,5.5,5.5,-210,1.5,
1121,557,V,Toronto,24,23,30,27,104,215.5,217,330,106,
1121,558,H,GoldenState,36,25,31,27,119,7.5,9,-400,0.5,
1122,559,V,Brooklyn,24,28,32,33,117,7.5,5.5,-220,6.5,
1122,560,H,Cleveland,27,36,19,30,112,207.5,208.5,190,103,
1122,561,V,Charlotte,26,33,24,26,109,216,216,160,103.5,
1122,562,H,Washington,27,23,23,30,103,4.5,4.5,-180,5,
1122,563,V,OklahomaCity,27,33,11,30,101,212,212,600,103.5,
1122,564,H,Atlanta,32,34,27,20,113,11,13.5,-900,5.5,
1122,565,V,Houston,21,26,16,27,90,211.5,213.5,500,103,
1122,566,H,Boston,22,30,34,22,108,12.5,12,-700,5.5,
1122,567,V,Indiana,31,36,22,20,109,208,216.5,105,106.5,
1122,568,H,Chicago,16,30,15,16,77,3.5,1.5,-125,6.5,
1122,569,V,Orlando,16,20,20,36,92,216.5,218.5,800,0.503,
1122,570,H,Milwaukee,36,41,28,18,123,12.5,13,-1400,111,
1122,571,V,Minnesota,28,38,23,21,110,2.5,3.5,-155,103.5,
1122,572,H,NewOrleans,29,21,19,27,96,213.5,214,135,3.5,
1122,573,V,Phoenix,24,33,33,25,115,5.5,5.5,-210,112,
1122,574,H,SanAntonio,20,24,31,36,111,220.5,220,180,0.5,
1122,575,V,Memphis,27,27,38,27,119,222.5,221.5,400,112.5,
1122,576,H,Utah,30,30,36,22,118,9.5,11,-500,4.5,
1122,577,V,Philadelphia,28,27,22,25,102,216.5,220.5,175,107.5,
1122,578,H,Sacramento,33,19,30,12,94,2.5,5,-200,5,
1123,501,V,Miami,20,26,21,33,100,9,10.5,-600,10.5,
1123,502,H,Detroit,25,28,23,16,92,205.5,208.5,450,101.5,
1123,503,V,LALakers,20,31,30,19,100,214.5,214.5,165,1.5,
1123,504,H,NewYork,36,27,20,23,106,3.5,4.5,-185,105.5,
1123,505,V,Denver,27,25,27,21,100,212.5,212.5,350,104,
1123,506,H,Portland,33,33,24,29,119,5.5,10,-420,2,
1123,507,V,Dallas,21,21,38,23,112,207.5,213.5,130,103,
1123,508,H,LAClippers,26,22,28,27,104,4.5,2.5,-150,pk,
1124,509,V,LALakers,26,34,22,30,124,218.5,217,210,107,
1124,510,H,Indiana,31,35,18,28,116,1.5,6.5,-250,1.5,
1124,511,V,Phoenix,36,25,26,33,120,6,7,-300,7,
1124,512,H,Cleveland,33,33,20,29,115,211,211.5,250,108.5,
1124,513,V,Charlotte,24,28,30,24,106,7,8,-340,4,
1124,514,H,Orlando,28,21,28,22,99,219.5,219,280,107,
1124,515,V,Brooklyn,29,33,35,26,123,216,217.5,105,106.5,
1124,516,H,Boston,22,27,27,28,104,pk,1.5,-125,4.5,
1124,517,V,Detroit,26,26,22,19,93,214.5,213,900,103.5,
1124,518,H,Milwaukee,32,32,24,26,114,14,15,-1600,5,
1124,519,V,Utah,21,28,32,29,110,12.5,14,-1200,10,
1124,520,H,OklahomaCity,25,27,28,24,104,208.5,208,750,108,
1124,521,V,Chicago,32,32,18,31,113,8.5,9.5,-500,2.5,
1124,522,H,Houston,30,25,35,28,118,213.5,217.5,400,111.5,
1124,523,V,Miami,27,35,20,19,101,2,1,-110,103.5,
1124,524,H,Minnesota,30,24,32,27,113,212.5,213.5,-110,1.5,
1124,525,V,Toronto,25,34,32,35,126,221.5,218,135,2.5,
1124,526,H,Memphis,32,39,21,21,113,3.5,3.5,-155,105.5,
1124,527,V,Washington,27,23,23,29,102,3.5,3.5,-165,8,
1124,528,H,NewOrleans,36,36,23,32,127,209.5,211,145,104,
1124,529,V,Atlanta,27,38,38,21,124,3,3.5,-165,1,
1124,530,H,SanAntonio,27,31,25,23,106,221.5,222.5,145,108,
1124,531,V,Portland,36,35,21,29,121,3,3.5,-160,2.5,
1124,532,H,Sacramento,32,37,24,32,125,226,225.5,140,110,
1124,533,V,Philadelphia,34,27,23,12,96,218.5,216.5,400,105.5,
1124,534,H,GoldenState,23,29,34,30,116,10.5,10,-500,11.5,
1126,535,V,Detroit,18,22,22,34,96,206,205.5,525,0.5,
1126,536,H,LAClippers,30,34,18,25,107,11.5,11.5,-750,100,
1126,537,V,Minnesota,28,30,25,32,115,224.5,226.5,110,2,
1126,538,H,Charlotte,30,38,31,34,133,3,2,-130,108,
1126,539,V,Phoenix,33,24,31,30,118,3,4,-165,108,
1126,540,H,NewYork,27,17,27,26,97,216.5,214,145,2,
1126,541,V,Chicago,27,28,35,33,123,8.5,9.5,-450,3,
1126,542,H,Orlando,27,19,23,19,88,213.5,212.5,375,108.5,
1126,543,V,Atlanta,29,33,43,27,132,224.5,1,-115,109.5,
1126,544,H,Memphis,21,27,18,34,100,2,227,-105,2,
1126,545,V,Toronto,35,22,24,16,97,213.5,209,170,0.5,
1126,546,H,Indiana,31,35,26,22,114,3.5,5,-190,101,
1126,547,V,Washington,25,31,20,25,101,7.5,6,-275,4,
1126,548,H,OklahomaCity,27,27,14,31,99,208.5,209.5,235,102.5,
1126,549,V,Boston,14,23,26,25,88,2.5,4.5,-180,7,
1126,550,H,SanAntonio,30,22,18,26,96,215.5,213.5,160,108.5,
1126,551,V,NewOrleans,23,23,26,26,98,213,218.5,650,110.5,
1126,552,H,Utah,28,17,30,22,97,12,13.5,-1000,9,
1126,553,V,Milwaukee,27,31,32,30,120,3.5,6.5,-245,0.5,
1126,554,H,Denver,16,31,26,36,109,213.5,215.5,205,110,
1126,555,V,Portland,26,18,26,33,103,224,225,200,1.5,
1126,556,H,GoldenState,27,31,33,27,118,6,6,-240,110,
1126,557,V,Sacramento,20,23,30,27,141,224.5,229,250,109.5,
1126,558,H,LALakers,20,23,35,22,137,1,7.5,-300,5,
1127,559,V,Minnesota,35,21,16,28,121,218,218,220,105.5,
1127,560,H,Philadelphia,20,21,29,30,120,4,7,-270,7.5,
1127,561,V,NewYork,28,23,34,14,99,218,217,270,104.5,
1127,562,H,Atlanta,27,23,24,16,90,4,8,-340,6,
1127,563,V,Phoenix,34,22,34,23,113,219,226,110,114,
1127,564,H,Brooklyn,20,26,26,35,107,3,1.5,-130,3,
1127,565,V,Charlotte,30,41,28,36,143,5.5,5,-210,5,
1127,566,H,Houston,43,30,37,25,146,221.5,227.5,175,111,
1127,567,V,Miami,27,22,23,35,107,1,1,-105,101,
1127,568,H,Chicago,20,26,28,30,104,212,209.5,-115,1.5,
1127,569,V,Orlando,22,27,20,23,92,203.5,204.5,375,105,
1127,570,H,Cleveland,27,27,24,27,105,7.5,10,-500,5,
1127,571,V,Washington,41,20,30,29,120,210.5,213,210,104.5,
1127,572,H,Dallas,36,33,24,21,114,7.5,6.5,-250,1,
1127,573,V,NewOrleans,23,22,22,38,105,217,215,650,109.5,
1127,574,H,Utah,37,27,32,31,127,13,12.5,-1000,1.5,
1128,501,V,GoldenState,20,24,31,30,105,1.5,2.5,-140,1.5,
1128,502,H,LAClippers,24,18,26,22,90,218,215.5,120,104,
1128,503,V,Milwaukee,26,26,39,27,118,3,2,-135,0.5,
1128,504,H,Indiana,26,21,27,26,100,217.5,216.5,115,110.5,
1128,505,V,Sacramento,25,27,22,27,101,2.5,223,150,4,
1128,506,H,Memphis,38,38,30,22,128,214.5,4,-170,107,
1128,507,V,Boston,27,27,26,29,109,210,2,-125,1,
1128,508,H,Toronto,26,25,25,21,97,2.5,207,105,105.5,
1128,509,V,Detroit,21,27,22,36,106,216.5,214.5,400,103.5,
1128,510,H,LALakers,23,28,32,27,110,9.5,10.5,-525,5.5,
1129,511,V,Orlando,19,24,35,18,96,208.5,205.5,750,104,
1129,512,H,Philadelphia,31,23,27,20,101,15.5,14,-1200,4.5,
1129,513,V,Denver,32,31,32,25,120,207.5,205.5,130,99,
1129,514,H,Miami,23,20,35,33,111,7.5,3,-150,6.5,
1129,515,V,OklahomaCity,23,14,23,29,89,213.5,217.5,120,1.5,
1129,516,H,Houston,28,18,26,30,102,3,2.5,-140,105.5,
1129,517,V,Indiana,26,31,19,22,98,218,220.5,150,106.5,
1129,518,H,Minnesota,20,28,30,22,100,4,4,-170,4,
1129,519,V,Charlotte,31,27,27,34,119,225,224.5,175,0.5,
1129,520,H,Chicago,30,39,35,29,133,6.5,5.5,-200,109.5,
1129,521,V,Cleveland,30,22,35,27,114,207,210.5,220,102.5,
1129,522,H,Dallas,23,18,24,31,96,5,6.5,-260,7,
1129,523,V,Washington,20,31,27,21,99,3,3,-155,pk,
1129,524,H,SanAntonio,20,25,39,32,116,214.5,214.5,135,104.5,
1129,525,V,Portland,23,26,35,23,107,223,221.5,240,108,
1129,526,H,Utah,21,32,41,35,129,7.5,7,-280,3,
1129,527,V,NewOrleans,37,30,23,33,123,211,210.5,240,108,
1129,528,H,LAClippers,22,30,26,26,104,9,7,-280,8.5,
1130,529,V,Memphis,27,23,20,28,98,219.5,214.5,130,109.5,
1130,530,H,Toronto,18,21,28,24,91,4.5,3,-150,4.5,
1130,531,V,NewYork,28,33,23,26,110,218.5,215,200,105.5,
1130,532,H,Brooklyn,33,27,28,24,112,6.5,6,-240,5,
1130,533,V,LALakers,20,30,37,30,117,3.5,224,-110,1.5,
1130,534,H,Sacramento,28,31,15,18,92,227.5,pk,-110,108.5,
1130,535,V,GoldenState,35,19,24,18,96,221,222.5,135,2,
1130,536,H,Phoenix,31,25,24,24,104,2.5,3,-155,108,
1130,537,V,Detroit,21,24,17,30,92,216,209.5,290,101.5,
1130,538,H,Portland,27,27,29,27,110,9.5,7.5,-350,1,